-6.23554936776593,-10.050079786520703,-0.06602934243788725
-5.995421611304273,-10.06599014123919,-0.06713379361328428
-5.746731615648684,-10.082717230213618,-0.06938210178219345
-5.4825928031403395,-10.100603008213703,-0.06935601557317234
-5.1956920844724355,-10.111763526454522,-0.06263337519472095
-4.89530427086678,-10.128050680519227,-0.06067191541055978
-4.5851574882648825,-10.147995883903555,-0.059728118820619826
-4.270771921445275,-10.166828022131208,-0.05802390480147119
-3.9480705814486368,-10.182997194626417,-0.055305765113319326
-3.6151712682045973,-10.196570711238966,-0.05067979045460517
-3.275453320651351,-10.201791372022036,-0.041956729060848026
-2.9310006111400417,-10.217521841891488,-0.04175160351510136
-2.579200998915743,-10.232544009163789,-0.04189443881584784
-2.2156811062130384,-10.247743062769745,-0.04144465530105015
-1.8484801624444598,-10.263376794460426,-0.04179250117920376
-1.4738804966246248,-10.281853833904417,-0.04256195843045108
-1.0950672627144213,-10.298885331659553,-0.04160466581004168
-0.7180147138438807,-10.316100403657222,-0.04111847848909723
-0.33364748287479357,-10.333330710082373,-0.040659428902931755
0.05880368869366086,-10.349741479648172,-0.0407504372607551
0.4578723692555838,-10.368380062582185,-0.0422068154652497
0.8614333035187294,-10.385037142277508,-0.041472283689851466
1.2702916954292383,-10.403242842016486,-0.0426760250708932
1.682154742207364,-10.423205182484189,-0.04470064935242664
2.1011114388423153,-10.444639606531222,-0.04663929927270033
2.525997043732231,-10.464900859091129,-0.04744189864336912
2.95519844973451,-10.486273077079398,-0.048701146060722
3.3929230684128533,-10.509501577935252,-0.051092817506247376
3.8378383625662607,-10.53453937772972,-0.05334385580580052
4.2900267696960555,-10.562222998948384,-0.056432131009639654
4.7531014363278254,-10.59177779906577,-0.05961093963255593
5.228342383865189,-10.610927531823869,-0.05270641733578048
5.708083537743838,-10.621239957336037,-0.044517365236279145
6.197134348358892,-10.631333722115226,-0.0351324942465291
6.6960994402822,-10.602322097428424,-0.005502835485474742
7.202984728180158,-10.58918519079166,0.0031971508522033805
7.716979005619847,-10.587118443326334,0.002618783079488725
8.232831423375293,-10.588349689826606,0.00011819995662410239
8.748942446001854,-10.589863735918556,-0.00015751451805561393
9.263250676367793,-10.589262951317101,0.0005612139259973807
9.776668998678689,-10.59173688686872,-0.0007041569553969687
10.291565047950565,-10.590240475730072,7.758108814752521e-05
10.801488512499384,-10.594149854529952,-0.0023322843839236915
11.309455846460253,-10.600731864832165,-0.005560399451797842
11.814579153785944,-10.606543775257249,-0.008245595019425726
12.316908143193308,-10.61918740325723,-0.013719402279878867
12.814574205655115,-10.636692016448151,-0.02026623193705218
13.309954520163545,-10.64903704939241,-0.020606383015358366
13.798531835742253,-10.663529119892578,-0.024690491102831235
14.288568736878004,-10.699883976986838,-0.04188083136818508
14.778865624586336,-10.731829000429252,-0.048762970793073
15.269380557680655,-10.760591849405344,-0.05172727480836311
15.7619705544529,-10.786813903150499,-0.05232368922214793
16.258777462079305,-10.805679718422212,-0.04634644452313329
16.759694404742014,-10.829177554996734,-0.046530055258470565
17.266301701432308,-10.85264059389979,-0.04464818921061637
17.782512661456284,-10.8557534497717,-0.03219015223049906
18.300663865063203,-10.875253468991675,-0.032245891178373016
18.821269533541916,-10.896875208282491,-0.03354647931719204
19.342346157731647,-10.916563324635094,-0.03367684229469149
19.8656730489176,-10.938758988069958,-0.03521987129010438
20.393696774790932,-10.933467156301377,-0.01720453474512855
20.922709865839916,-10.922964028587355,-0.004221794255727578
21.458363197063026,-10.92669912585654,-0.004184166149258502
21.998486219911705,-10.932223570628468,-0.005173543137139224
22.540776665936804,-10.940618577053497,-0.007145426382891004
23.084784763067784,-10.9470813350607,-0.007058277627119616
23.632299470936214,-10.954979183396418,-0.008083846272339473
24.18493364816351,-10.963770352777859,-0.008847349869720338
24.737959693740475,-10.971285337032704,-0.009383746633181648
25.2927910935897,-10.977663372892852,-0.009775254180421506
25.85004607760145,-10.984782539059074,-0.009570152045970962
26.40634209895413,-10.994126225516617,-0.010799586923392447
26.96875266903595,-11.002238304398878,-0.011798356827700968
27.532458579963397,-11.01102237201895,-0.01300545433252754
28.09506458639331,-11.020317146350044,-0.013748007619025731
28.662311671729253,-11.030524806689632,-0.015650029197175206
29.22821998074142,-11.041491934673678,-0.016128613643404552
29.79587226515137,-11.049766999864964,-0.013142008536697891
30.360263579502462,-11.059452326802308,-0.013092142344794609
30.929589796392097,-11.06979602255192,-0.013910018263696951
31.499022858354362,-11.079783349037326,-0.015567928124504958
32.06425663187251,-11.090545719315323,-0.017279479983063867
32.637014380043865,-11.086225914612294,-0.0059954825947830526
33.208710180928705,-11.022906537799994,0.03733559880217676
33.78282335252387,-10.97565893108426,0.05214426554216513
34.35941039226872,-10.93589166667293,0.06045173489827998
34.93038953652574,-10.810433325954419,0.12191714280521919
35.45345993942984,-10.56862376384985,0.2400365759598183
35.91436823145382,-10.26752996866108,0.3595204156043333
36.361892050869876,-9.949021138421209,0.4530180956650671
36.7687075018967,-9.604570788373971,0.5384946667867939
37.188283657528224,-9.273192273407926,0.5834019660400148
37.56665370679029,-8.904696546294005,0.6516084275357834
37.89302228890539,-8.48314257368774,0.7417289262991852
38.1950574611846,-8.052649640369006,0.8164162365101272
38.42035526035248,-7.582815733797658,0.9218446319211235
38.59573351766612,-7.104969048813782,1.0194213664886345
38.78601880934975,-6.64065680582607,1.0715932376996178
38.95026255892167,-6.1710640950836035,1.1268105416124037
39.01334698243761,-5.696869225789823,1.226854191712535
39.07218318483129,-5.233213065765695,1.2919328192702073
39.195010636861,-4.805044970488201,1.2922072339498014
39.304912971448104,-4.381301714721028,1.302534496918025
39.374374205742676,-3.960218842339894,1.3341044174666272
39.41351664568761,-3.5453867960841654,1.376344637096464
39.389352398871964,-3.1359378470502124,1.4485391223181443
39.30626168304377,-2.7455686874455782,1.5375969379252512
39.19198530131718,-2.368521654839351,1.6237981526708007
39.04373957919752,-2.007749122749894,1.7122494160985535
38.869933439207415,-1.6681587034262202,1.7971207725774807
38.668443251824506,-1.3496460360411702,1.8822012248029396
38.441658576693314,-1.046312763140422,1.9662324843291166
38.17901345800027,-0.7815830216989792,2.065210574612856
37.89803658916825,-0.541489475556298,2.1559876126732602
37.60912178198261,-0.3163700879560483,2.2361378735272317
37.309896836712454,-0.11951290725383842,2.3140693470797404
37.01240496427284,0.06861728794292649,2.3762261704108227
36.726310312725914,0.2511105635961057,2.421307137123764
36.424620230177574,0.4012545947342662,2.4813187387160074
36.10691126817606,0.5211849347488688,2.5498663887411865
35.7955754796138,0.6425560416162633,2.5981822727664907
35.49051628505806,0.767327342862102,2.6314070920829953
35.178616456522285,0.8643988810865335,2.677658154369049
34.86519879862914,0.9472170692383975,2.7213444402423748
34.55505066856162,1.039629685621629,2.749986864576253
34.23830575237437,1.1026149563764842,2.7934618466140733
33.91574836077446,1.122458755437944,2.857986213278775
33.587112040113226,1.107892444446128,2.930861361207712
33.25330888200987,1.0697614610484985,3.003816400396665
32.913610621749214,1.0114757875750966,3.0743507901791496
32.565989019536204,0.9645490284267236,3.1201266252309994
32.22799566167453,0.8886296762973181,-3.10336006924431
31.90583727310499,0.7433499886069799,-3.0096602690873833
31.594396589809115,0.5504771857020093,-2.904653079507337
31.286754761330357,0.32553284754632505,-2.8046594915302228
30.945633618576892,0.154161124014925,-2.7760166169704976
30.5867616733014,0.08154251496607852,-2.818080762378671
30.247691049260887,-0.03968311817304102,-2.812652540216452
29.973510372035772,-0.18003907827886834,-2.782495895564769
29.729359295372877,-0.32727826142418287,-2.746632962557338
29.47497739787807,-0.47338993287642744,-2.7215060553752504
29.228455377051215,-0.6526623319022896,-2.6782620669038333
28.995562828026117,-0.8702099866425236,-2.615740560562772
28.766159512179964,-1.1106781982588938,-2.5529632649331235
28.53616882140801,-1.3641426335387614,-2.496242073052397
28.332875597477678,-1.663884852486331,-2.41495108446567
28.17169125929821,-2.0068727090195164,-2.310956095965711
28.041786499083724,-2.387231694149566,-2.1999477130870875
27.94436285261078,-2.8013456784353528,-2.0866907676025637
27.889026030069637,-3.240531216855398,-1.9740305634278377
27.82392710261583,-3.699105641495647,-1.894326660389072
27.77034067587023,-4.179750291648735,-1.8256703407334236
27.747928980438488,-4.682025223067419,-1.759691802381571
27.705649983710877,-5.194133539790634,-1.7231639762404436
27.635423297368927,-5.723932023831922,-1.7171526446291818
27.51934516515934,-6.245925627643433,-1.7412711878803924
27.415601962581757,-6.7800913816753345,-1.746996839599238
27.288794436130328,-7.325448231994462,-1.7691624199961589
27.083854197565344,-7.858217086393223,-1.8336999646448295
26.762395260115508,-8.302706648997502,-1.9644366157148432
26.3830613580835,-8.713967914607082,-2.088602011607751
25.961418023138737,-9.090688325339872,-2.2067037596505132
25.502291062597816,-9.422938562865049,-2.317491998464749
25.03808732322947,-9.746983811150823,-2.3929893522040198
24.570661639290055,-10.069350650947444,-2.446298280304975
24.055246933648263,-10.31016645127921,-2.5430255486836018
23.511586259313393,-10.454890672005813,-2.665938416544794
22.95796378829135,-10.530238004972933,-2.7871521507655355
22.407026351427838,-10.567335477357823,-2.8882850312348305
21.867374965850082,-10.609110600239847,-2.9489972741006674
21.337005554292517,-10.673848518527373,-2.971801662760154
20.819259047341053,-10.76400869143689,-2.970192182957657
20.306764130960836,-10.855504824246443,-2.9681229377951746
19.791171863118333,-10.932849310259703,-2.9778930993637256
19.266289277634723,-10.95745981233225,-3.020136528659482
18.739521488420756,-10.96546649537385,-3.0541845066124655
18.224606818486045,-11.004113587652613,-3.0574452056557755
17.711832693102046,-11.05281894576864,-3.0544212595852733
17.203145676950587,-11.104952444789,-3.0513856887430073
16.694690568813982,-11.149144339873542,-3.055322743759042
16.185191657921166,-11.153803623417964,-3.0834034870321667
15.682762197700375,-11.173161729413629,-3.0903846646471758
15.175224172455307,-11.188034648890858,-3.1008120388975713
14.67087761996501,-11.144193214207512,3.1365585983692346
14.170952318967311,-11.086679911444127,3.098772328924584
13.67143494916536,-11.059045934393726,3.093348659254298
13.169130458383126,-11.04229772258472,3.09578923517403
12.664295552861198,-11.020017874029813,3.0962336443232465
12.154291876150078,-10.955688389189598,3.067294264828642
11.647625041979694,-10.886763903443923,3.046779116097506
11.13486985653147,-10.845137156677861,3.0510111053960323
10.623548851345184,-10.805938232327591,3.05444101332978
10.117433370190632,-10.758840385490805,3.0509330900013247
9.616861178337286,-10.710600361681179,3.047410371631473
9.110888235150338,-10.688697571230877,3.063739769216699
8.611193359618525,-10.655847962249458,3.0675296236910374
8.111857723978922,-10.622560320176024,3.068104353195255
7.614986887686719,-10.612883968748617,3.0851279702254626
7.121459457995681,-10.597233066437402,3.0917271893091676
6.641302592829657,-10.56860787414325,3.087628724242007
6.167991670513998,-10.545640203598781,3.087843513999865
5.700017935337918,-10.535065832325966,3.096866937082595
5.2325433438684135,-10.527240811367328,3.1038852540501622
4.771119290003435,-10.51406916687664,3.1048953214401775
4.316255272697377,-10.500289799948357,3.104611608667856
3.8660697847954792,-10.485699210522398,3.1046001615126526
3.421301995184794,-10.473679994117592,3.1061717799971675
2.981255549673994,-10.458821205055258,3.105094303701618
2.542387940853678,-10.441971816312355,3.1034360239864696
2.1097055253236827,-10.425832772904398,3.1020511518501053
1.675393836598996,-10.409603287805927,3.1012976155076717
1.2412255582748806,-10.393815826928181,3.100225381458606
0.805121024136191,-10.39266521596596,3.1117203847971067
0.3686792222202095,-10.38458756342302,3.1157210550142076
-0.06900083805989872,-10.373130134788829,3.11500870696332
-0.5031216714528195,-10.36155541475763,3.1157795244980875
-0.9354800147863367,-10.351991025109665,3.117235323746235
-1.3685764187506368,-10.340765703553934,3.1170514569576317
-1.805086797165701,-10.3300923990354,3.1174773731257166
-2.2428020018600785,-10.320287127935927,3.1170026188888453
-2.678144550528629,-10.309476149819268,3.118191513562959
-3.1108717292253893,-10.299078486217693,3.1185671077861667
-3.5433510782437363,-10.290135835456082,3.1200637495894323
-3.975677569607332,-10.280740785009687,3.1211277185131685
-4.407337803747754,-10.273673975874551,3.123432681336859
-4.839837414943273,-10.269009885220465,3.1255676693176095
-5.26912224120726,-10.264286327528566,3.127222882024681
-5.693409679055763,-10.257393832214321,3.1253575673176917
-6.115987031813242,-10.25391570878001,3.126340949288279
-6.534590342786301,-10.237170689694269,3.1179990423834805
-6.953289821612126,-10.221740860160061,3.113174957610853
-7.374129548985718,-10.212112758004498,3.113394585672183
-7.790584739685771,-10.201952966535929,3.1135273550086957
-8.203635641803016,-10.192696159003795,3.115633440420037
-8.615363760350931,-10.185411791222018,3.118658765195026
-9.025012223590137,-10.177174357505894,3.118927636160513
-9.427348425740082,-10.167558969971573,3.1182052609784554
-9.829983130463745,-10.159170621893477,3.118651774026037
-10.228483776166179,-10.148926332863914,3.1175132768595897
-10.629868528978678,-10.141608368391783,3.11816831618883
-11.029946795246158,-10.132987165371912,3.1174712389806762
-11.424962815207243,-10.121459208223948,3.113936489056432
-11.821275980544401,-10.108583946423858,3.1142966936690213
-12.211845934899335,-10.102700952337795,3.116905973274899
-12.598797016552702,-10.096106911915887,3.1173023059081695
-12.99032802312684,-10.088088776673995,3.1174118634649015
-13.378047385554291,-10.077456898904165,3.1158503215329287
-13.762354453106749,-10.0689420064444,3.116128616021571
-14.1461130503118,-10.059496410564655,3.115431759251942
-14.524677485004972,-10.048233828621663,3.112919910815126
-14.908925460070304,-10.035111880103672,3.1102684946083095
-15.299735370247138,-10.006770564844567,3.099585811421857
-15.690995805433811,-9.991526340261068,3.1009632460981975
-16.079193201896494,-9.977594348334138,3.1023655943566486
-16.46514006649586,-9.96262449599761,3.1029785673141466
-16.844181131321353,-9.949215530744073,3.1053653549313127
-17.224504967090905,-9.937014601582367,3.1074105775033862
-17.604531682313603,-9.926236679430856,3.1092424774408935
-17.980276402274097,-9.9152847720477,3.109459488660601
-18.35780952370244,-9.904218676174246,3.1098838115296528
-18.73365292120334,-9.892121731229455,3.1098392804101516
-19.116857711547325,-9.846700277413856,3.0860189662241027
-19.498585630130286,-9.752062704792742,3.0353309309025547
-19.859373756879066,-9.614174771963757,2.9679615182542616
-20.222648666498177,-9.490341479504744,2.928369288624367
-20.589739168615232,-9.389048255409747,2.911840394917681
-20.915111035304545,-9.22296592862436,2.849190161628909
-21.218187534655346,-9.038065824953046,2.787921935664454
-21.52325904643311,-8.858635849203923,2.7458978289790763
-21.84076085587712,-8.698033764841158,2.726892851009898
-22.1354488457532,-8.503521035886036,2.6832898097980613
-22.38587057626994,-8.264639787391479,2.609581286799395
-22.63275076694949,-8.041829145573216,2.5624077177465017
-22.89258046633437,-7.84716947514114,2.546999435225204
-23.163333642747194,-7.655471909644113,2.5418101973780076
-23.434717517081115,-7.456664661801812,2.5330060589087324
-23.69003368768625,-7.230857073783695,2.5047773066046886
-23.90620798989729,-6.971633840339513,2.447922745257704
-24.08227726742084,-6.684687660198976,2.37220544092844
-24.23601670986139,-6.382745608326874,2.2968389933843407
-24.379583289536598,-6.073878832953948,2.229986449865156
-24.531395677367254,-5.770741967722565,2.1868683855222915
-24.696427126220218,-5.47508807688496,2.163577380944154
-24.830239947217937,-5.164744164218635,2.1168626824201566
-24.903871316332047,-4.838557295749255,2.040231529847721
-24.945613846000334,-4.496760031107214,1.9559456045093515
-24.96034192853436,-4.14275205850974,1.873457026105873
-24.941639770236343,-3.7894701630255523,1.7867011184038484
-24.900522410285088,-3.442578199699027,1.7092578688938553
-24.87565423876791,-3.1020846056833387,1.6585807204374567
-24.88511638198933,-2.766164309145707,1.647036749308513
-24.924228922164332,-2.4255084522068238,1.6564814218989137
-24.99744352563986,-2.078352335749636,1.6860957461355424
-25.079602745103408,-1.726973565734649,1.7133855962108548
-25.148196134130078,-1.3728609245885208,1.7245436735291455
-25.204745236379335,-1.0181151240252466,1.7247381286234962
-25.280203573446308,-0.663493529246725,1.7402909815881809
-25.41699557676549,-0.33716420711057327,1.7989006137082832
-25.610761309868113,-0.05936739015713074,1.8867761335469961
-25.79505861256417,0.21776463526130402,1.9481575912046871
-25.962395047714594,0.5092221958417051,1.9820068386605891
-26.163333233216232,0.7685252584753168,2.0407940702902265
-26.40304054761604,0.9944063389253609,2.119441320698793
-26.636631045537968,1.2268633835470708,2.173699134533632
-26.85312587860069,1.4753971828620027,2.198869055094191
-27.056472516197278,1.7376196294975539,2.2046815904394554
-27.280519001027397,1.9851289607155982,2.2272476385047906
-27.534336534064543,2.192900937169515,2.2794991766924206
-27.819518519591295,2.364790109296388,2.3503226858645365
-28.12328670775017,2.518394088277631,2.425620960896607
-28.444650301150496,2.649963266445028,2.5022830716458193
-28.77922675584577,2.7620569798186665,2.576509019788593
-29.12039484939994,2.877361562095962,2.6342896478369497
-29.467701240407912,2.9757373392925346,2.691277114267031
-29.82848480556507,3.025959757201322,2.7690711777320494
-30.195914256175335,3.055401275260879,2.841104744346587
-30.576137162914108,3.055799838626329,2.9173745164549563
-30.958532044646812,3.0161954070471144,3.0005053482776476
-31.3451142005419,2.9897606641932946,3.0535306618605977
-31.738158996587366,2.984078719117653,3.0793339427374695
-32.136122680378634,3.0004430734862155,3.0837713907310054
-32.53745456635038,3.021254471195321,3.084867158914837
-32.9402193085125,3.0417465938003017,3.086057757445861
-33.34304019021825,3.063678069100163,3.0858535684775137
-33.746817176001684,3.0866768179837485,3.0858828367276687
-34.15728872404819,3.1084233906546057,3.086347897574246
-34.56919242178599,3.134649387504257,3.085250464199077
-34.98448669173464,3.15685844568675,3.0862262329687193
-35.40646339701582,3.1793889378746045,3.0867300137112146
-35.82787737771896,3.203613808193706,3.0870497150817857
-36.25504923448161,3.2252815304017135,3.086605532205241
-36.68350046808258,3.2502028576271322,3.0840756749911136
-37.11859250111655,3.289652881693308,3.073427028217366
-37.55877537926846,3.326665094830759,3.070032177286227
-38.00142524975582,3.3570434832390283,3.071891638919609
-38.45018529795368,3.3875744538364754,3.0727447816472235
-38.904466451376656,3.4170994142408375,3.073809005283236
-39.364944406378754,3.4486498973669706,3.072595299068657
-39.83350066759085,3.4823231678177597,3.0724850164799404
-40.307674771693875,3.514479788118519,3.072556805028459
-40.78723468334864,3.547661632829598,3.0716842634739967
-41.27055022837115,3.5825782417221625,3.069546389589901
-41.76874301222986,3.620675174185611,3.067977687868487
-42.26577992173429,3.6542603446557695,3.069359899719832
-42.766182424215366,3.68950871536224,3.06853366757414
-43.28017678684653,3.715040073222025,3.077524385635558
-43.81116990224921,3.6875587988746084,3.1184807233196232
-44.351362835430706,3.5879040821723502,-3.091011143329491
-44.849058059970204,3.3930707518479233,-2.9772026266008935
-45.31384888971359,3.14433446168067,-2.8653124444128064
-45.77244491830985,2.847542844302963,-2.7592632650197766
-46.190240836725096,2.4819263720955895,-2.638864009657505
-46.57598969362891,2.079517653294318,-2.5311185041076905
-46.96654658435181,1.6662863744657563,-2.459409930952981
-47.365837761203345,1.246263588487691,-2.4117818768048265
-47.727330543349545,0.7827062851754281,-2.345646470070539
-48.084862961260484,0.3211284129958327,-2.3025210646138072
-48.38373429395972,-0.18552737085070833,-2.2260120515856943
-48.598081035913495,-0.7349636279803526,-2.1170071822390075
-48.71283046257395,-1.3089629204851019,-1.985227962303105
-48.709407840088986,-1.8770397218230923,-1.8313562986146874
-48.62332294967041,-2.434112183075633,-1.6834213656879997
-48.478699345863596,-2.982849866448216,-1.5489962540612674
-48.39678666375398,-3.4903123123727986,-1.5103632989580522
-48.31459636137827,-3.911325175689607,-1.4661304632204766
-48.131716390536894,-4.2619698264982215,-1.3657340955903117
-47.94457233955149,-4.619996986857204,-1.2904989744869388
-47.73787395569255,-4.984516905948157,-1.2230834734003528
-47.52688085508601,-5.299204814789104,-1.156800673829078
-47.26844910874423,-5.588342833647469,-1.0756755978408616
-46.991760242555294,-5.8625969936797855,-0.9970086946744638
-46.692583999481236,-6.107687550060651,-0.9159070519443161
-46.399988057307084,-6.360191038007601,-0.8649116517256898
-46.10279100260551,-6.614432360924229,-0.8235771931619881
-45.77362384957682,-6.83275054163921,-0.757283725705268
-45.45387283674832,-7.042145871206112,-0.7118563787299629
-45.18906644825881,-7.287806804865366,-0.7207585850011804
-44.91307213675219,-7.534778841505749,-0.721550951208585
-44.60421214649079,-7.7172310506149016,-0.6710202513999957
-44.25733568991462,-7.855089441809567,-0.5948888156346136
-43.89351842468929,-7.937384505226192,-0.4989259441057534
-43.50780693184114,-7.968667556923909,-0.3904667339451427
-43.11077651642752,-7.996999164416611,-0.3059655504855987
-42.70138677360286,-8.04729702013933,-0.25519123678407646
-42.29834930602044,-8.109809766320396,-0.227475794319262
-41.90851716768558,-8.210275345023593,-0.23430300741305393
-41.503192327779004,-8.313897211799798,-0.23844230365740843
-41.079305003735904,-8.392396265943313,-0.22114969567226406
-40.65621327128064,-8.3883265765595,-0.15217607095253027
-40.2313646954779,-8.354036104920123,-0.08675567675453014
-39.79395398739115,-8.36806107697031,-0.07434445520255926
-39.364780193605235,-8.401158711710407,-0.07696105501476581
-38.92391437386564,-8.440256241112749,-0.07848086457919413
-38.483410208614956,-8.473222951173291,-0.07702398036620087
-38.03228677974924,-8.51392711687564,-0.0793612987402419
-37.577436645497684,-8.557036211566613,-0.08203424218135966
-37.11623834963494,-8.598959349210904,-0.08387865703366709
-36.64935376540221,-8.640435022898552,-0.08570049244040338
-36.180631164146,-8.682402410891402,-0.08688503340702591
-35.702355782976824,-8.723732477746944,-0.08767827681948617
-35.22669717502412,-8.766731055289483,-0.08778822709111835
-34.74157720194875,-8.811054786641245,-0.08887217123116142
-34.253295184669014,-8.856921260706658,-0.0901022179183234
-33.75941386180657,-8.894147168388086,-0.08513670775908964
-33.25623752290291,-8.923014459675253,-0.07644946181691227
-32.754432407573454,-8.963844051295228,-0.07805336256214009
-32.24817261615757,-9.004038247642335,-0.07873566172347263
-31.738794781905387,-9.04417982539042,-0.07883960610121833
-31.22534041192721,-9.086356572977484,-0.08024705960386874
-30.70838765742981,-9.12959560794893,-0.08170443243191451
-30.18690209653431,-9.172445746468144,-0.08223601829723808
-29.662942416413703,-9.216885941851354,-0.08280669899068424
-29.137852236911375,-9.259929189000735,-0.0829049892410816
-28.605633361779944,-9.30535400512676,-0.08349131696339666
-28.07299087642529,-9.352923742164638,-0.08578393992520204
-27.534860352155718,-9.403558636433427,-0.08791823736245277
-26.99688506867442,-9.449915072568878,-0.08871510337240437
-26.450269906829785,-9.486714550516464,-0.08027330803576495
-25.904207023458156,-9.530931396792244,-0.07983055185192138
-25.352288796213955,-9.580618313833313,-0.08296666316397981
-24.804966185705805,-9.629232837133241,-0.08381493622473757
-24.25293708764915,-9.676621316132406,-0.08285404429848504
-23.697745702574533,-9.724007421309736,-0.08275563966214168
-23.14153627263197,-9.745161101040942,-0.06393357665971582
-22.587664776915666,-9.769471072762531,-0.056338681576435755
-22.027499742056786,-9.798433582260168,-0.05319162616787726
-21.466814714342178,-9.811844438168986,-0.0414789117461093
-20.903595811364266,-9.83478275103356,-0.04107801820536926
-20.34285378423855,-9.858466027112081,-0.04153536453399095
-19.784145501186824,-9.885056868168741,-0.043115066796866726
-19.226772224702657,-9.911804092047582,-0.04361292754669767
-18.66640699443121,-9.938695584247839,-0.04406119290374211
-18.10890938682785,-9.970806729671866,-0.0475799014448297
-17.547450085994424,-10.001510092060451,-0.04878977636929771
-16.9858520156669,-10.03044035285698,-0.04845911118202987
-16.424618174722177,-10.058268102596479,-0.04800076951900449
-15.860165618624155,-10.08612779903777,-0.04739104450426651
-15.29517926403907,-10.114163580181799,-0.046306877135194276
-14.728277393722488,-10.142705438686173,-0.04734336411524708
-14.169675318221099,-10.170799202623444,-0.048440523569592844
-13.604206486287964,-10.200997846323496,-0.05154243313507185
-13.04045826205104,-10.231948894714352,-0.05266603614484639
-12.469308470252129,-10.2641353785585,-0.053462025848705484
-11.904404933232087,-10.295825705329852,-0.054997414701642953
-11.333885614293386,-10.328481663010399,-0.05436008713290899
-10.768097282745812,-10.358870544561226,-0.054359701351434996
-10.195351572262116,-10.392541377185303,-0.056676327416175766
-9.628707191580709,-10.426336265903428,-0.057069718950687576
-9.059087886609923,-10.461605004574484,-0.05822257180572766
-8.493644713455382,-10.49528283319087,-0.05777977110459224
-7.920560995327578,-10.53212334420583,-0.05901454389947789
