-4.1822,-20.9272,3.1348,0.0,0.0
-4.2834,-20.9265,3.1348,0.0,0.0
-4.3847,-20.9259,3.1349,0.0,0.0
-4.4861,-20.9252,3.1349,0.0,0.0
-4.5874,-20.9245,3.1349,0.0,0.0
-4.6887,-20.9238,3.1349,0.0,0.0
-4.7891,-20.9231,3.1349,0.0,0.0
-4.8915,-20.9224,3.1349,0.0,0.0
-4.9919,-20.9218,3.1349,0.0,0.0
-5.0944,-20.9211,3.1349,0.0,0.0
-5.1958,-20.9204,3.1349,0.0,0.0
-5.2973,-20.9197,3.1349,0.0,0.0
-5.3988,-20.919,3.135,0.0,0.0
-5.5003,-20.9184,3.135,0.0,0.0
-5.6018,-20.9177,3.135,0.0,0.0
-5.7033,-20.917,3.135,0.0,0.0
-5.8039,-20.9163,3.135,0.0,0.0
-5.9065,-20.9157,3.135,0.0,0.0
-6.008,-20.915,3.135,0.0,0.0
-6.1096,-20.9143,3.135,0.0,0.0
-6.2113,-20.9137,3.135,0.0,0.0
-6.3129,-20.913,3.135,0.0,0.0
-6.4145,-20.9123,3.1351,0.0,0.0
-6.5162,-20.9116,3.1351,0.0,0.0
-6.6178,-20.911,3.1351,0.0,0.0
-6.7205,-20.9103,3.1351,0.0,0.0
-6.8212,-20.9096,3.1351,0.0,0.0
-6.9219,-20.909,3.1351,0.0,0.0
-7.0246,-20.9083,3.1351,0.0,0.0
-7.1263,-20.9077,3.1351,0.0,0.0
-7.2281,-20.907,3.1351,0.0,0.0
-7.3298,-20.9063,3.1351,0.0,0.0
-7.4316,-20.9057,3.1351,0.0,0.0
-7.5333,-20.905,3.1352,0.0,0.0
-7.6351,-20.9043,3.1352,0.0,0.0
-7.7389,-20.9037,3.1352,0.0,0.0
-7.8886,-20.9027,3.1352,0.0,0.0
-7.9924,-20.902,3.1352,0.0,0.0
-8.0993,-20.9014,3.1352,0.0,0.0
-8.2449,-20.9004,3.1352,0.0,0.0
-8.3478,-20.8998,3.1352,0.0,0.0
-8.4506,-20.8991,3.1352,0.0,0.0
-8.6044,-20.8982,3.1353,0.0,0.0
-8.7551,-20.8984,3.1362,0.0,0.0
-8.857,-20.8984,3.1366,0.0,0.0
-8.9588,-20.8979,3.1366,0.0,0.0
-9.0596,-20.8971,3.1364,0.0,0.0
-9.1624,-20.8964,3.1363,0.0,0.0
-9.2643,-20.8957,3.1362,0.0,0.0
-9.3661,-20.8951,3.1362,0.0,0.0
-9.468,-20.8946,3.1362,0.0,0.0
-9.5698,-20.894,3.1362,0.0,0.0
-9.6849,-20.8934,3.1362,0.0,0.0
-9.8245,-20.8927,3.1362,0.0,0.0
-9.9264,-20.8921,3.1363,0.0,0.0
-10.0303,-20.8916,3.1363,0.0,0.0
-10.1312,-20.891,3.1363,0.0,0.0
-10.2321,-20.8905,3.1363,0.0,0.0
-10.338,-20.8899,3.1363,0.0,0.0
-10.4868,-20.8891,3.1363,0.0,0.0
-10.5999,-20.8885,3.1363,0.0,0.0
-10.7416,-20.8878,3.1363,0.0,0.0
-10.8435,-20.8873,3.1363,0.0,0.0
-10.9485,-20.8867,3.1364,0.0,0.0
-11.0983,-20.8859,3.1364,0.0,0.0
-11.2002,-20.8854,3.1364,0.0,0.0
-11.3011,-20.8848,3.1364,0.0,0.0
-11.4041,-20.8843,3.1364,0.0,0.0
-11.505,-20.8838,3.1364,0.0,0.0
-11.608,-20.8833,3.1364,0.0,0.0
-11.7099,-20.8827,3.1364,0.0,0.0
-11.8108,-20.8822,3.1364,0.0,0.0
-11.9138,-20.8817,3.1364,0.0,0.0
-12.0158,-20.8811,3.1364,0.0,0.0
-12.1177,-20.8806,3.1364,0.0,0.0
-12.2197,-20.8801,3.1364,0.0,0.0
-12.3217,-20.8795,3.1364,0.0,0.0
-12.4236,-20.879,3.1364,0.0,0.0
-12.5256,-20.8785,3.1364,0.0,0.0
-12.6276,-20.878,3.1364,0.0,0.0
-12.7306,-20.8774,3.1364,0.0,0.0
-12.8315,-20.8769,3.1364,0.0,0.0
-12.9335,-20.8764,3.1364,0.0,0.0
-13.0365,-20.8758,3.1364,0.0,0.0
-13.1375,-20.8753,3.1364,0.0,0.0
-13.2405,-20.8748,3.1364,0.0,0.0
-13.3414,-20.8743,3.1364,0.0,0.0
-13.4434,-20.8737,3.1364,0.0,0.0
-13.5454,-20.8732,3.1365,0.0,0.0
-13.6474,-20.8727,3.1365,0.0,0.0
-13.7494,-20.8722,3.1364,0.0,0.0
-13.8514,-20.8716,3.1364,0.0,0.0
-13.9544,-20.8711,3.1364,0.0,0.0
-14.0554,-20.8705,3.1364,0.0,0.0
-14.1574,-20.87,3.1364,0.0,0.0
-14.2594,-20.8695,3.1364,0.0,0.0
-14.3614,-20.869,3.1365,0.0,0.0
-14.4634,-20.8685,3.1365,0.0,0.0
-14.5664,-20.8679,3.1365,0.0,0.0
-14.6735,-20.8674,3.1365,0.0,0.0
-14.7745,-20.8669,3.1364,0.0,0.0
-14.9224,-20.8661,3.1364,0.0,0.0
-15.0233,-20.8655,3.1364,0.0,0.0
-15.1274,-20.865,3.1365,0.0,0.0
-15.2294,-20.8645,3.1365,0.0,0.0
-15.3314,-20.864,3.1365,0.0,0.0
-15.4334,-20.8635,3.1365,0.0,0.0
-15.5384,-20.8629,3.1365,0.0,0.0
-15.6873,-20.8622,3.1365,0.0,0.0
-15.7893,-20.8616,3.1365,0.0,0.0
-15.8913,-20.8611,3.1364,0.0,0.0
-15.9943,-20.8606,3.1365,0.0,0.0
-16.0953,-20.86,3.1365,0.0,0.0
-16.1973,-20.8595,3.1365,0.0,0.0
-16.2993,-20.859,3.1365,0.0,0.0
-16.4013,-20.8585,3.1365,0.0,0.0
-16.5033,-20.858,3.1365,0.0,0.0
-16.6053,-20.8574,3.1365,0.0,0.0
-16.7073,-20.8569,3.1365,0.0,0.0
-16.8092,-20.8564,3.1365,0.0,0.0
-16.9112,-20.8559,3.1365,0.0,0.0
-17.0132,-20.8553,3.1365,0.0,0.0
-17.1152,-20.8548,3.1365,0.0,0.0
-17.2172,-20.8543,3.1365,0.0,0.0
-17.3192,-20.8538,3.1365,0.0,0.0
-17.4211,-20.8533,3.1365,0.0,0.0
-17.5231,-20.8527,3.1365,0.0,0.0
-17.6261,-20.8522,3.1365,0.0,0.0
-17.7281,-20.8517,3.1365,0.0,0.0
-17.829,-20.8512,3.1365,0.0,0.0
-17.931,-20.8507,3.1365,0.0,0.0
-18.033,-20.8501,3.1365,0.0,0.0
-18.1349,-20.8496,3.1365,0.0,0.0
-18.2379,-20.8491,3.1365,0.0,0.0
-18.3389,-20.8486,3.1365,0.0,0.0
-18.4418,-20.848,3.1365,0.0,0.0
-18.5428,-20.8475,3.1365,0.0,0.0
-18.6447,-20.847,3.1365,0.0,0.0
-18.7467,-20.8465,3.1365,0.0,0.0
-18.8486,-20.846,3.1365,0.0,0.0
-18.9506,-20.8454,3.1365,0.0,0.0
-19.0525,-20.8449,3.1365,0.0,0.0
-19.1545,-20.8444,3.1365,0.0,0.0
-19.2564,-20.8439,3.1365,0.0,0.0
-19.3584,-20.8434,3.1365,0.0,0.0
-19.4603,-20.8428,3.1365,0.0,0.0
-19.5622,-20.8423,3.1365,0.0,0.0
-19.6642,-20.8418,3.1365,0.0,0.0
-19.7661,-20.8413,3.1365,0.0,0.0
-19.868,-20.8408,3.1365,0.0,0.0
-19.97,-20.8403,3.1365,0.0,0.0
-20.0719,-20.8398,3.1365,0.0,0.0
-20.1759,-20.8392,3.1365,0.0,0.0
-20.2778,-20.8387,3.1365,0.0,0.0
-20.3838,-20.8381,3.1365,0.0,0.0
-20.4847,-20.8376,3.1365,0.0,0.0
-20.6324,-20.8369,3.1365,0.0,0.0
-20.7364,-20.8363,3.1365,0.0,0.0
-20.8903,-20.8356,3.1365,0.0,0.0
-21.0411,-20.8348,3.1365,0.0,0.0
-21.143,-20.8343,3.1365,0.0,0.0
-21.2948,-20.8335,3.1365,0.0,0.0
-21.3967,-20.833,3.1365,0.0,0.0
-21.4986,-20.8325,3.1365,0.0,0.0
-21.6005,-20.832,3.1365,0.0,0.0
-21.7013,-20.8314,3.1365,0.0,0.0
-21.8042,-20.8309,3.1366,0.0,0.0
-21.9061,-20.8304,3.1366,0.0,0.0
-22.008,-20.8299,3.1366,0.0,0.0
-22.1099,-20.8294,3.1365,0.0,0.0
-22.2138,-20.8288,3.1365,0.0,0.0
-22.3156,-20.8283,3.1365,0.0,0.0
-22.4684,-20.8276,3.1365,0.0,0.0
-22.5733,-20.827,3.1365,0.0,0.0
-22.721,-20.8263,3.1366,0.0,0.0
-22.8229,-20.8255,3.1363,0.0,0.0
-22.9247,-20.8242,3.1358,0.0,0.0
-23.0266,-20.8231,3.1354,0.0,0.0
-23.1284,-20.8225,3.1354,0.0,0.0
-23.2313,-20.822,3.1356,0.0,0.0
-23.3321,-20.8216,3.1357,0.0,0.0
-23.4359,-20.8211,3.1358,0.0,0.0
-23.5388,-20.8205,3.1358,0.0,0.0
-23.6885,-20.8196,3.1358,0.0,0.0
-23.7933,-20.819,3.1358,0.0,0.0
-23.8941,-20.8184,3.1358,0.0,0.0
-23.996,-20.8178,3.1358,0.0,0.0
-24.0967,-20.8172,3.1358,0.0,0.0
-24.1975,-20.8166,3.1358,0.0,0.0
-24.3004,-20.816,3.1358,0.0,0.0
-24.4052,-20.8154,3.1358,0.0,0.0
-24.5539,-20.8146,3.1358,0.0,0.0
-24.6556,-20.814,3.1358,0.0,0.0
-24.7574,-20.8134,3.1358,0.0,0.0
-24.8592,-20.8128,3.1358,0.0,0.0
-24.961,-20.8122,3.1358,0.0,0.0
-25.0618,-20.8116,3.1358,0.0,0.0
-25.1666,-20.8105,3.1354,0.0,0.0
-25.3193,-20.8084,3.1346,0.0,0.0
-25.4261,-20.8076,3.1345,0.0,0.0
-25.5747,-20.8068,3.1348,0.0,0.0
-25.6754,-20.8063,3.1349,0.0,0.0
-25.7762,-20.8057,3.135,0.0,0.0
-25.8769,-20.8051,3.135,0.0,0.0
-25.9797,-20.8044,3.1349,0.0,0.0
-26.0814,-20.8036,3.1349,0.0,0.0
-26.1852,-20.803,3.1349,0.0,0.0
-26.3348,-20.802,3.1349,0.0,0.0
-26.4385,-20.8013,3.1349,0.0,0.0
-26.5922,-20.8003,3.1349,0.0,0.0
-26.7438,-20.7992,3.1349,0.0,0.0
-26.8943,-20.7982,3.1349,0.0,0.0
-26.996,-20.7975,3.1349,0.0,0.0
-27.0988,-20.7969,3.1349,0.0,0.0
-27.1995,-20.7962,3.1349,0.0,0.0
-27.3012,-20.7955,3.1349,0.0,0.0
-27.407,-20.7948,3.135,0.0,0.0
-27.5555,-20.7938,3.135,0.0,0.0
-27.6602,-20.7931,3.1349,0.0,0.0
-27.8117,-20.7921,3.1349,0.0,0.0
-27.9653,-20.7911,3.1349,0.0,0.0
-28.067,-20.7904,3.1349,0.0,0.0
-28.2165,-20.7894,3.135,0.0,0.0
-28.3182,-20.7887,3.135,0.0,0.0
-28.4219,-20.788,3.135,0.0,0.0
-28.5724,-20.787,3.1349,0.0,0.0
-28.6751,-20.7863,3.1349,0.0,0.0
-28.7757,-20.7856,3.1349,0.0,0.0
-28.8783,-20.7849,3.1349,0.0,0.0
-28.9799,-20.7843,3.1349,0.0,0.0
-29.0815,-20.7836,3.1349,0.0,0.0
-29.1851,-20.7829,3.1349,0.0,0.0
-29.3365,-20.7819,3.135,0.0,0.0
-29.4899,-20.7809,3.135,0.0,0.0
-29.6392,-20.7799,3.135,0.0,0.0
-29.7408,-20.7792,3.135,0.0,0.0
-29.8414,-20.7785,3.135,0.0,0.0
-29.945,-20.7778,3.135,0.0,0.0
-30.0465,-20.7772,3.135,0.0,0.0
-30.1471,-20.7765,3.135,0.0,0.0
-30.2476,-20.7758,3.135,0.0,0.0
-30.3502,-20.7752,3.135,0.0,0.0
-30.4518,-20.7745,3.135,0.0,0.0
-30.5533,-20.7738,3.1351,0.0,0.0
-30.6549,-20.7731,3.1351,0.0,0.0
-30.7564,-20.7725,3.1351,0.0,0.0
-30.858,-20.7718,3.1351,0.0,0.0
-30.9605,-20.7711,3.1351,0.0,0.0
-31.0611,-20.7705,3.1351,0.0,0.0
-31.1626,-20.7698,3.1351,0.0,0.0
-31.2631,-20.7692,3.1351,0.0,0.0
-31.3657,-20.7685,3.1351,0.0,0.0
-31.4682,-20.7678,3.1351,0.0,0.0
-31.5687,-20.7672,3.1351,0.0,0.0
-31.6702,-20.767,3.1355,0.0,0.0
-31.7728,-20.7672,3.1362,0.0,0.0
-31.925,-20.7668,3.1365,0.0,0.0
-32.0265,-20.7661,3.1363,0.0,0.0
-32.128,-20.7654,3.1362,0.0,0.0
-32.2295,-20.766,3.1372,0.0,0.0
-32.3308,-20.7695,3.1403,0.0,0.0
-32.432,-20.7758,-3.138,0.0,0.0
-32.533,-20.7851,-3.1311,0.0,0.0
-32.6326,-20.7978,-3.1223,0.0,0.0
-32.7327,-20.8142,-3.1114,0.0,0.0
-32.8321,-20.8343,-3.0985,0.0,0.0
-32.9324,-20.8588,-3.0833,0.0,0.0
-33.0302,-20.8872,-3.0662,0.0,0.0
-33.169,-20.9365,-3.0376,0.0,0.0
-33.2614,-20.9759,-3.0153,0.0,0.0
-33.3964,-21.0406,-2.9806,0.0,0.0
-33.5268,-21.1081,-2.9469,0.0,0.0
-33.6589,-21.1815,-2.9126,0.0,0.0
-33.7856,-21.257,-2.8796,0.0,0.0
-33.9131,-21.3377,-2.8464,0.0,0.0
-33.9968,-21.393,-2.825,0.0,0.0
-34.1211,-21.477,-2.7947,0.0,0.0
-34.2044,-21.5341,-2.7756,0.0,0.0
-34.2875,-21.5919,-2.7574,0.0,0.0
-34.3705,-21.6504,-2.7401,0.0,0.0
-34.4533,-21.7094,-2.7236,0.0,0.0
-34.5359,-21.769,-2.7079,0.0,0.0
-34.62,-21.8302,-2.6927,0.0,0.0
-34.7419,-21.9198,-2.6723,0.0,0.0
-34.825,-21.9812,-2.6594,0.0,0.0
-34.9065,-22.0416,-2.6476,0.0,0.0
-34.9888,-22.1027,-2.6365,0.0,0.0
-35.0719,-22.1647,-2.626,0.0,0.0
-35.1527,-22.2263,-2.6157,0.0,0.0
-35.2337,-22.2894,-2.6052,0.0,0.0
-35.3152,-22.3535,-2.5951,0.0,0.0
-35.395,-22.4165,-2.5859,0.0,0.0
-35.4772,-22.4816,-2.5769,0.0,0.0
-35.556,-22.5474,-2.5667,0.0,0.0
-35.6305,-22.6148,-2.5545,0.0,0.0
-35.7053,-22.6891,-2.539,0.0,0.0
-35.8047,-22.8012,-2.5122,0.0,0.0
-35.8669,-22.8814,-2.491,0.0,0.0
-35.9263,-22.9655,-2.4678,0.0,0.0
-36.0075,-23.0897,-2.4335,0.0,0.0
-36.061,-23.1766,-2.4101,0.0,0.0
-36.1122,-23.2638,-2.3871,0.0,0.0
-36.162,-23.3531,-2.3638,0.0,0.0
-36.209,-23.4427,-2.3407,0.0,0.0
-36.2537,-23.5335,-2.3173,0.0,0.0
-36.2957,-23.6245,-2.2942,0.0,0.0
-36.3378,-23.721,-2.27,0.0,0.0
-36.3764,-23.8147,-2.2469,0.0,0.0
-36.4292,-23.9531,-2.2133,0.0,0.0
-36.4621,-24.048,-2.1904,0.0,0.0
-36.4931,-24.1457,-2.1668,0.0,0.0
-36.5213,-24.2432,-2.1432,0.0,0.0
-36.5473,-24.3412,-2.1198,0.0,0.0
-36.5711,-24.4389,-2.0969,0.0,0.0
-36.5935,-24.5391,-2.0736,0.0,0.0
-36.6134,-24.6388,-2.0506,0.0,0.0
-36.6309,-24.7391,-2.0276,0.0,0.0
-36.6457,-24.8398,-2.0042,0.0,0.0
-36.6577,-24.9408,-1.9806,0.0,0.0
-36.6673,-25.042,-1.9569,0.0,0.0
-36.6749,-25.1435,-1.9335,0.0,0.0
-36.6804,-25.2452,-1.9104,0.0,0.0
-36.6838,-25.3471,-1.8873,0.0,0.0
-36.6848,-25.4491,-1.8642,0.0,0.0
-36.6833,-25.5501,-1.8412,0.0,0.0
-36.6788,-25.6529,-1.8173,0.0,0.0
-36.6715,-25.7576,-1.7929,0.0,0.0
-36.6572,-25.9058,-1.7586,0.0,0.0
-36.6447,-26.0092,-1.7349,0.0,0.0
-36.6304,-26.1094,-1.712,0.0,0.0
-36.6135,-26.2102,-1.6888,0.0,0.0
-36.5937,-26.3116,-1.6652,0.0,0.0
-36.5715,-26.4113,-1.6415,0.0,0.0
-36.5468,-26.5103,-1.6178,0.0,0.0
-36.5198,-26.6099,-1.5941,0.0,0.0
-36.4889,-26.7149,-1.5691,0.0,0.0
-36.4423,-26.858,-1.535,0.0,0.0
-36.3911,-26.9985,-1.5009,0.0,0.0
-36.3525,-27.0945,-1.4771,0.0,0.0
-36.3123,-27.1874,-1.4537,0.0,0.0
-36.2701,-27.2796,-1.4303,0.0,0.0
-36.2261,-27.3709,-1.4072,0.0,0.0
-36.1806,-27.4605,-1.3844,0.0,0.0
-36.1295,-27.5553,-1.36,0.0,0.0
-36.0538,-27.6857,-1.3255,0.0,0.0
-35.9977,-27.7751,-1.301,0.0,0.0
-35.9401,-27.8624,-1.2769,0.0,0.0
-35.8526,-27.9876,-1.242,0.0,0.0
-35.763,-28.1078,-1.208,0.0,0.0
-35.6992,-28.1883,-1.1847,0.0,0.0
-35.6334,-28.2672,-1.1612,0.0,0.0
-35.5661,-28.3434,-1.1377,0.0,0.0
-35.4956,-28.4193,-1.1136,0.0,0.0
-35.4249,-28.4924,-1.0903,0.0,0.0
-35.3513,-28.5655,-1.0667,0.0,0.0
-35.2768,-28.6363,-1.0434,0.0,0.0
-35.2006,-28.7054,-1.0201,0.0,0.0
-35.1234,-28.7719,-0.9968,0.0,0.0
-35.0422,-28.8382,-0.9727,0.0,0.0
-34.96,-28.9017,-0.9486,0.0,0.0
-34.8765,-28.9632,-0.9246,0.0,0.0
-34.7525,-29.0498,-0.8901,0.0,0.0
-34.6665,-29.1066,-0.8668,0.0,0.0
-34.5784,-29.1619,-0.8432,0.0,0.0
-34.4914,-29.2132,-0.8201,0.0,0.0
-34.4005,-29.2637,-0.7961,0.0,0.0
-34.3066,-29.3127,-0.7715,0.0,0.0
-34.1688,-29.38,-0.7362,0.0,0.0
-34.0769,-29.4219,-0.7133,0.0,0.0
-33.9812,-29.4631,-0.6897,0.0,0.0
-33.8855,-29.5015,-0.6662,0.0,0.0
-33.7898,-29.537,-0.6428,0.0,0.0
-33.6923,-29.5703,-0.6188,0.0,0.0
-33.5942,-29.6015,-0.5951,0.0,0.0
-33.4955,-29.6305,-0.5715,0.0,0.0
-33.396,-29.6575,-0.5482,0.0,0.0
-33.296,-29.6823,-0.5249,0.0,0.0
-33.1953,-29.7045,-0.5015,0.0,0.0
-33.0941,-29.7241,-0.4778,0.0,0.0
-32.9915,-29.741,-0.4538,0.0,0.0
-32.8885,-29.7555,-0.4298,0.0,0.0
-32.7883,-29.7676,-0.4068,0.0,0.0
-32.6868,-29.7778,-0.3836,0.0,0.0
-32.5839,-29.7859,-0.3604,0.0,0.0
-32.4798,-29.7916,-0.3369,0.0,0.0
-32.3766,-29.7944,-0.3134,0.0,0.0
-32.2735,-29.7945,-0.2894,0.0,0.0
-32.1715,-29.7918,-0.2657,0.0,0.0
-32.0674,-29.7869,-0.2418,0.0,0.0
-31.9644,-29.7801,-0.2184,0.0,0.0
-31.8605,-29.7711,-0.1948,0.0,0.0
-31.7588,-29.7597,-0.1718,0.0,0.0
-31.6554,-29.7454,-0.148,0.0,0.0
-31.5546,-29.7286,-0.1245,0.0,0.0
-31.4533,-29.7091,-0.1005,0.0,0.0
-31.3523,-29.6873,-0.0767,0.0,0.0
-31.2528,-29.6638,-0.0533,0.0,0.0
-31.1517,-29.6376,-0.0296,0.0,0.0
-31.0521,-29.6093,-0.0062,0.0,0.0
-30.9542,-29.5788,0.0172,0.0,0.0
-30.8544,-29.5446,0.0415,0.0,0.0
-30.7584,-29.5088,0.0652,0.0,0.0
-30.6624,-29.4706,0.0891,0.0,0.0
-30.5671,-29.4304,0.1127,0.0,0.0
-30.4727,-29.3882,0.1362,0.0,0.0
-30.3791,-29.3438,0.1597,0.0,0.0
-30.2866,-29.2971,0.1832,0.0,0.0
-30.1954,-29.248,0.2069,0.0,0.0
-30.1057,-29.1966,0.2308,0.0,0.0
-30.0172,-29.1431,0.2546,0.0,0.0
-29.9288,-29.0873,0.2784,0.0,0.0
-29.8424,-29.0301,0.3018,0.0,0.0
-29.7573,-28.971,0.3252,0.0,0.0
-29.6738,-28.9096,0.3488,0.0,0.0
-29.5928,-28.8466,0.3724,0.0,0.0
-29.5127,-28.781,0.3963,0.0,0.0
-29.4326,-28.7122,0.4206,0.0,0.0
-29.3577,-28.6452,0.4436,0.0,0.0
-29.2812,-28.5738,0.4674,0.0,0.0
-29.2063,-28.5006,0.4911,0.0,0.0
-29.1339,-28.4263,0.5146,0.0,0.0
-29.0636,-28.3501,0.5384,0.0,0.0
-28.9962,-28.2728,0.5623,0.0,0.0
-28.9306,-28.1939,0.5861,0.0,0.0
-28.8654,-28.1121,0.6101,0.0,0.0
-28.8011,-28.0281,0.6341,0.0,0.0
-28.7411,-27.946,0.6571,0.0,0.0
-28.6819,-27.8607,0.6806,0.0,0.0
-28.625,-27.7739,0.7044,0.0,0.0
-28.5706,-27.6856,0.7284,0.0,0.0
-28.5191,-27.5969,0.7523,0.0,0.0
-28.4684,-27.5053,0.7764,0.0,0.0
-28.42,-27.4135,0.8001,0.0,0.0
-28.3731,-27.3197,0.8239,0.0,0.0
-28.3293,-27.2267,0.8472,0.0,0.0
-28.2875,-27.1316,0.8709,0.0,0.0
-28.2485,-27.0355,0.8949,0.0,0.0
-28.2119,-26.9385,0.919,0.0,0.0
-28.1774,-26.8407,0.9429,0.0,0.0
-28.1452,-26.7431,0.9664,0.0,0.0
-28.1145,-26.6428,0.9902,0.0,0.0
-28.0865,-26.5428,1.0137,0.0,0.0
-28.061,-26.4421,1.0375,0.0,0.0
-28.038,-26.3397,1.0616,0.0,0.0
-28.0178,-26.2379,1.0855,0.0,0.0
-27.9984,-26.1337,1.1091,0.0,0.0
-27.9807,-26.0352,1.1301,0.0,0.0
-27.9625,-25.9311,1.151,0.0,0.0
-27.945,-25.8278,1.1706,0.0,0.0
-27.9282,-25.7241,1.1893,0.0,0.0
-27.9107,-25.6161,1.2072,0.0,0.0
-27.8926,-25.5154,1.2213,0.0,0.0
-27.8722,-25.414,1.2328,0.0,0.0
-27.8491,-25.3108,1.2421,0.0,0.0
-27.8238,-25.207,1.2492,0.0,0.0
-27.7965,-25.1036,1.2541,0.0,0.0
-27.7674,-25.0027,1.2568,0.0,0.0
-27.734,-24.8975,1.2573,0.0,0.0
-27.7001,-24.8014,1.2552,0.0,0.0
-27.6604,-24.7008,1.2501,0.0,0.0
-27.6183,-24.6061,1.2421,0.0,0.0
-27.5713,-24.5116,1.2311,0.0,0.0
-27.5203,-24.4194,1.2177,0.0,0.0
-27.4651,-24.3288,1.202,0.0,0.0
-27.4074,-24.2425,1.1845,0.0,0.0
-27.344,-24.1566,1.1644,0.0,0.0
-27.2795,-24.0775,1.143,0.0,0.0
-27.2106,-23.9996,1.1199,0.0,0.0
-27.1393,-23.9225,1.0967,0.0,0.0
-27.0683,-23.8475,1.075,0.0,0.0
-26.993,-23.7691,1.0534,0.0,0.0
-26.8861,-23.6596,1.0249,0.0,0.0
-26.8128,-23.5858,1.0067,0.0,0.0
-26.7323,-23.5058,0.9878,0.0,0.0
-26.6232,-23.3989,0.9641,0.0,0.0
-26.5467,-23.3249,0.9487,0.0,0.0
-26.4668,-23.2481,0.9336,0.0,0.0
-26.3919,-23.1767,0.9204,0.0,0.0
-26.3161,-23.1047,0.9079,0.0,0.0
-26.2431,-23.0358,0.8966,0.0,0.0
-26.1623,-22.9596,0.885,0.0,0.0
-26.0869,-22.8886,0.875,0.0,0.0
-26.0123,-22.8182,0.8659,0.0,0.0
-25.9363,-22.7462,0.8575,0.0,0.0
-25.8581,-22.6718,0.8497,0.0,0.0
-25.7825,-22.5994,0.843,0.0,0.0
-25.7064,-22.5261,0.8371,0.0,0.0
-25.6291,-22.451,0.8318,0.0,0.0
-25.5544,-22.3778,0.8274,0.0,0.0
-25.4809,-22.3049,0.8238,0.0,0.0
-25.4051,-22.23,0.8203,0.0,0.0
-25.3297,-22.1561,0.8168,0.0,0.0
-25.2553,-22.083,0.8136,0.0,0.0
-25.1805,-22.0088,0.8111,0.0,0.0
-25.1056,-21.9333,0.8095,0.0,0.0
-25.0316,-21.8598,0.8072,0.0,0.0
-24.9541,-21.7874,0.8027,0.0,0.0
-24.875,-21.7183,0.7959,0.0,0.0
-24.7935,-21.6524,0.7867,0.0,0.0
-24.7093,-21.5901,0.7748,0.0,0.0
-24.6225,-21.5322,0.7602,0.0,0.0
-24.5334,-21.4786,0.7432,0.0,0.0
-24.4424,-21.4294,0.7242,0.0,0.0
-24.3495,-21.3849,0.703,0.0,0.0
-24.2552,-21.3448,0.6802,0.0,0.0
-24.1597,-21.3078,0.6567,0.0,0.0
-24.0615,-21.2728,0.6326,0.0,0.0
-23.9166,-21.2263,0.5971,0.0,0.0
-23.8195,-21.198,0.5738,0.0,0.0
-23.7199,-21.1711,0.5502,0.0,0.0
-23.6216,-21.1467,0.5272,0.0,0.0
-23.5197,-21.124,0.5036,0.0,0.0
-23.4202,-21.1043,0.4805,0.0,0.0
-23.3204,-21.0874,0.4571,0.0,0.0
-23.2192,-21.0729,0.4335,0.0,0.0
-23.1167,-21.0605,0.4097,0.0,0.0
-23.016,-21.0504,0.3866,0.0,0.0
-22.913,-21.0422,0.3631,0.0,0.0
-22.8107,-21.0365,0.3399,0.0,0.0
-22.7084,-21.0334,0.3166,0.0,0.0
-22.607,-21.0327,0.2934,0.0,0.0
-22.5035,-21.0341,0.27,0.0,0.0
-22.4019,-21.0371,0.2475,0.0,0.0
-22.2981,-21.0416,0.2251,0.0,0.0
-22.1971,-21.047,0.2043,0.0,0.0
-22.0929,-21.0534,0.1837,0.0,0.0
-21.9896,-21.0606,0.1643,0.0,0.0
-21.8851,-21.0685,0.1457,0.0,0.0
-21.7825,-21.077,0.1283,0.0,0.0
-21.6778,-21.0862,0.1114,0.0,0.0
-21.5751,-21.0958,0.0957,0.0,0.0
-21.4713,-21.106,0.0807,0.0,0.0
-21.3653,-21.1168,0.0663,0.0,0.0
-21.2603,-21.1278,0.0528,0.0,0.0
-21.1553,-21.1392,0.0402,0.0,0.0
-21.0523,-21.1505,0.0287,0.0,0.0
-20.9493,-21.1618,0.018,0.0,0.0
-20.8473,-21.173,0.0083,0.0,0.0
-20.7421,-21.1845,-0.0009,0.0,0.0
-20.6359,-21.1958,-0.0093,0.0,0.0
-20.5348,-21.2064,-0.0165,0.0,0.0
-20.4295,-21.2172,-0.0232,0.0,0.0
-20.3243,-21.2276,-0.0291,0.0,0.0
-20.2221,-21.2372,-0.0341,0.0,0.0
-20.1146,-21.2467,-0.0384,0.0,0.0
-20.0124,-21.2551,-0.0417,0.0,0.0
-19.9091,-21.2629,-0.0442,0.0,0.0
-19.8047,-21.2699,-0.046,0.0,0.0
-19.7003,-21.276,-0.0469,0.0,0.0
-19.5918,-21.2814,-0.0471,0.0,0.0
-19.4916,-21.2857,-0.0468,0.0,0.0
-19.3873,-21.2901,-0.0464,0.0,0.0
-19.28,-21.2948,-0.0461,0.0,0.0
-19.1768,-21.2994,-0.046,0.0,0.0
-19.0737,-21.3041,-0.046,0.0,0.0
-18.9717,-21.3089,-0.046,0.0,0.0
-18.8656,-21.3138,-0.046,0.0,0.0
-18.7616,-21.3186,-0.046,0.0,0.0
-18.6556,-21.3234,-0.0459,0.0,0.0
-18.5028,-21.3293,-0.0451,0.0,0.0
-18.399,-21.3335,-0.0447,0.0,0.0
-18.2952,-21.3382,-0.0448,0.0,0.0
-18.1914,-21.3431,-0.0449,0.0,0.0
-18.0877,-21.3479,-0.0451,0.0,0.0
-17.984,-21.3527,-0.0451,0.0,0.0
-17.8814,-21.3574,-0.0451,0.0,0.0
-17.7768,-21.3617,-0.0448,0.0,0.0
-17.6732,-21.3655,-0.0442,0.0,0.0
-17.5697,-21.3696,-0.0438,0.0,0.0
-17.4662,-21.3742,-0.0439,0.0,0.0
-17.3638,-21.3789,-0.044,0.0,0.0
-17.2593,-21.3837,-0.0441,0.0,0.0
-17.1559,-21.3884,-0.0442,0.0,0.0
-17.0495,-21.3931,-0.0442,0.0,0.0
-16.9452,-21.3977,-0.0442,0.0,0.0
-16.7923,-21.4044,-0.0441,0.0,0.0
-16.6911,-21.4089,-0.0441,0.0,0.0
-16.5807,-21.4138,-0.0441,0.0,0.0
-16.4332,-21.4197,-0.0436,0.0,0.0
-16.33,-21.4235,-0.0431,0.0,0.0
-16.2269,-21.4277,-0.0429,0.0,0.0
-16.1238,-21.4323,-0.043,0.0,0.0
-16.0208,-21.4369,-0.0432,0.0,0.0
-15.9178,-21.4415,-0.0433,0.0,0.0
-15.8148,-21.446,-0.0433,0.0,0.0
-15.7119,-21.4505,-0.0433,0.0,0.0
-15.6089,-21.455,-0.0433,0.0,0.0
-15.506,-21.4594,-0.0433,0.0,0.0
-15.4032,-21.4639,-0.0433,0.0,0.0
-15.3003,-21.4683,-0.0432,0.0,0.0
-15.1985,-21.4726,-0.0431,0.0,0.0
-15.0946,-21.4763,-0.0425,0.0,0.0
-14.9918,-21.48,-0.042,0.0,0.0
-14.8891,-21.4843,-0.042,0.0,0.0
-14.7863,-21.4888,-0.0421,0.0,0.0
-14.6836,-21.4933,-0.0423,0.0,0.0
-14.582,-21.4978,-0.0424,0.0,0.0
-14.4783,-21.5022,-0.0424,0.0,0.0
-14.3756,-21.5066,-0.0424,0.0,0.0
-14.2751,-21.5108,-0.0424,0.0,0.0
-14.1704,-21.5152,-0.0423,0.0,0.0
-14.0658,-21.5197,-0.0423,0.0,0.0
-13.9653,-21.5239,-0.0423,0.0,0.0
-13.8627,-21.5283,-0.0423,0.0,0.0
-13.7602,-21.5325,-0.0422,0.0,0.0
-13.6556,-21.5361,-0.0416,0.0,0.0
-13.5552,-21.5397,-0.0411,0.0,0.0
-13.4537,-21.5438,-0.0411,0.0,0.0
-13.3503,-21.5483,-0.0412,0.0,0.0
-13.2489,-21.5526,-0.0413,0.0,0.0
-13.1464,-21.5558,-0.0405,0.0,0.0
-13.043,-21.5575,-0.0385,0.0,0.0
-12.9395,-21.5587,-0.0365,0.0,0.0
-12.8258,-21.5608,-0.0349,0.0,0.0
-12.6846,-21.565,-0.0345,0.0,0.0
-12.5823,-21.5689,-0.0347,0.0,0.0
-12.479,-21.5729,-0.035,0.0,0.0
-12.3778,-21.5768,-0.0352,0.0,0.0
-12.2745,-21.5805,-0.0353,0.0,0.0
-12.1722,-21.5841,-0.0353,0.0,0.0
-12.0669,-21.5878,-0.0353,0.0,0.0
-11.9177,-21.593,-0.0352,0.0,0.0
-11.8155,-21.5966,-0.0352,0.0,0.0
-11.7143,-21.6002,-0.0352,0.0,0.0
-11.6111,-21.6039,-0.0352,0.0,0.0
-11.5089,-21.6075,-0.0352,0.0,0.0
-11.4078,-21.611,-0.0352,0.0,0.0
-11.3047,-21.6147,-0.0352,0.0,0.0
-11.2026,-21.6183,-0.0352,0.0,0.0
-11.0995,-21.6219,-0.0352,0.0,0.0
-10.9984,-21.6254,-0.0351,0.0,0.0
-10.8964,-21.629,-0.0351,0.0,0.0
-10.7954,-21.6324,-0.035,0.0,0.0
-10.6923,-21.6353,-0.0344,0.0,0.0
-10.5893,-21.6382,-0.0339,0.0,0.0
-10.4862,-21.6416,-0.0339,0.0,0.0
-10.3832,-21.6453,-0.034,0.0,0.0
-10.2323,-21.6507,-0.0342,0.0,0.0
-10.1303,-21.6543,-0.0343,0.0,0.0
-10.0284,-21.6578,-0.0343,0.0,0.0
-9.9234,-21.6614,-0.0342,0.0,0.0
-9.7756,-21.6664,-0.0342,0.0,0.0
-9.6726,-21.67,-0.0342,0.0,0.0
-9.5707,-21.6735,-0.0342,0.0,0.0
-9.4678,-21.677,-0.0342,0.0,0.0
-9.3567,-21.6808,-0.0342,0.0,0.0
-9.2141,-21.6857,-0.0342,0.0,0.0
-9.1102,-21.6892,-0.0342,0.0,0.0
-8.9594,-21.6944,-0.0341,0.0,0.0
-8.8576,-21.6979,-0.0341,0.0,0.0
-8.7537,-21.7013,-0.034,0.0,0.0
-8.6518,-21.704,-0.0334,0.0,0.0
-8.5011,-21.7083,-0.0329,0.0,0.0
-8.3962,-21.7119,-0.033,0.0,0.0
-8.2466,-21.7166,-0.0327,0.0,0.0
-8.1448,-21.7173,-0.0307,0.0,0.0
-8.043,-21.7161,-0.0274,0.0,0.0
-7.9413,-21.7143,-0.024,0.0,0.0
-7.8375,-21.7129,-0.0211,0.0,0.0
-7.6828,-21.7127,-0.0186,0.0,0.0
-7.5353,-21.7149,-0.0182,0.0,0.0
-7.4336,-21.7171,-0.0185,0.0,0.0
-7.3288,-21.7196,-0.0189,0.0,0.0
-7.1783,-21.7228,-0.0191,0.0,0.0
-7.0766,-21.7248,-0.0192,0.0,0.0
-6.9749,-21.7268,-0.0191,0.0,0.0
-6.8732,-21.7287,-0.0191,0.0,0.0
-6.7704,-21.7304,-0.0189,0.0,0.0
-6.6677,-21.7315,-0.0183,0.0,0.0
-6.5172,-21.7337,-0.0179,0.0,0.0
-6.4156,-21.7356,-0.018,0.0,0.0
-6.3139,-21.7377,-0.0181,0.0,0.0
-6.2112,-21.7397,-0.0182,0.0,0.0
-6.1106,-21.7416,-0.0183,0.0,0.0
-6.009,-21.7435,-0.0183,0.0,0.0
-5.9073,-21.7453,-0.0182,0.0,0.0
-5.8057,-21.7472,-0.0182,0.0,0.0
-5.704,-21.749,-0.0182,0.0,0.0
-5.6034,-21.7509,-0.0182,0.0,0.0
-5.5008,-21.7527,-0.0182,0.0,0.0
-5.3991,-21.7546,-0.0182,0.0,0.0
-5.2975,-21.7564,-0.0182,0.0,0.0
-5.1959,-21.7583,-0.0182,0.0,0.0
-5.0943,-21.7601,-0.0182,0.0,0.0
-4.9917,-21.762,-0.0182,0.0,0.0
-4.8911,-21.7638,-0.0181,0.0,0.0
-4.7905,-21.7657,-0.0181,0.0,0.0
-4.6889,-21.7675,-0.0181,0.0,0.0
-4.5863,-21.7694,-0.0181,0.0,0.0
-4.4847,-21.7712,-0.0181,0.0,0.0
-4.3832,-21.7731,-0.0181,0.0,0.0
-4.2816,-21.7749,-0.0181,0.0,0.0
-4.18,-21.7768,-0.0181,0.0,0.0
-4.0795,-21.7786,-0.0181,0.0,0.0
-3.9769,-21.7805,-0.0181,0.0,0.0
-3.8753,-21.7823,-0.0181,0.0,0.0
-3.7707,-21.7842,-0.0181,0.0,0.0
-3.6204,-21.7869,-0.0181,0.0,0.0
-3.5199,-21.7887,-0.018,0.0,0.0
-3.4173,-21.7906,-0.018,0.0,0.0
-3.3148,-21.7924,-0.018,0.0,0.0
-3.1635,-21.7952,-0.018,0.0,0.0
-3.063,-21.797,-0.018,0.0,0.0
-2.9605,-21.7988,-0.018,0.0,0.0
-2.86,-21.8007,-0.018,0.0,0.0
-2.7584,-21.8025,-0.018,0.0,0.0
-2.6569,-21.8043,-0.018,0.0,0.0
-2.5564,-21.8061,-0.018,0.0,0.0
-2.4539,-21.808,-0.018,0.0,0.0
-2.3524,-21.8098,-0.018,0.0,0.0
-2.2509,-21.8116,-0.018,0.0,0.0
-2.1484,-21.8135,-0.0179,0.0,0.0
-2.0479,-21.8153,-0.0179,0.0,0.0
-1.9475,-21.8171,-0.0179,0.0,0.0
-1.845,-21.8189,-0.0179,0.0,0.0
-1.7435,-21.8208,-0.0179,0.0,0.0
-1.642,-21.8226,-0.0179,0.0,0.0
-1.5416,-21.8244,-0.0179,0.0,0.0
-1.4401,-21.8262,-0.0179,0.0,0.0
-1.3376,-21.8281,-0.0179,0.0,0.0
-1.2372,-21.8299,-0.0179,0.0,0.0
-1.1347,-21.8317,-0.0179,0.0,0.0
-1.0332,-21.8335,-0.0179,0.0,0.0
-0.9318,-21.8353,-0.0179,0.0,0.0
-0.8303,-21.8371,-0.0178,0.0,0.0
-0.7289,-21.839,-0.0178,0.0,0.0
-0.6275,-21.8408,-0.0178,0.0,0.0
-0.524,-21.8426,-0.0178,0.0,0.0
-0.4236,-21.8444,-0.0178,0.0,0.0
-0.3171,-21.8463,-0.0178,0.0,0.0
-0.1629,-21.8491,-0.0178,0.0,0.0
-0.0199,-21.8516,-0.0178,0.0,0.0
0.0815,-21.8534,-0.0178,0.0,0.0
0.185,-21.8553,-0.0178,0.0,0.0
0.335,-21.858,-0.0178,0.0,0.0
0.4364,-21.8598,-0.0178,0.0,0.0
0.5368,-21.8616,-0.0178,0.0,0.0
0.6413,-21.8634,-0.0177,0.0,0.0
0.7427,-21.8652,-0.0177,0.0,0.0
0.8441,-21.867,-0.0177,0.0,0.0
0.9444,-21.8688,-0.0177,0.0,0.0
1.0458,-21.8706,-0.0177,0.0,0.0
1.1492,-21.8724,-0.0177,0.0,0.0
1.2496,-21.8742,-0.0177,0.0,0.0
1.35,-21.876,-0.0177,0.0,0.0
1.4523,-21.8778,-0.0177,0.0,0.0
1.5527,-21.8796,-0.0177,0.0,0.0
1.6541,-21.8814,-0.0177,0.0,0.0
1.7554,-21.8832,-0.0177,0.0,0.0
1.8568,-21.885,-0.0177,0.0,0.0
1.9592,-21.8868,-0.0176,0.0,0.0
2.0605,-21.8886,-0.0176,0.0,0.0
2.1649,-21.8905,-0.0176,0.0,0.0
2.3129,-21.8931,-0.0176,0.0,0.0
2.4142,-21.8949,-0.0176,0.0,0.0
2.5146,-21.8966,-0.0176,0.0,0.0
2.6169,-21.8984,-0.0176,0.0,0.0
2.7182,-21.9002,-0.0176,0.0,0.0
2.8196,-21.902,-0.0176,0.0,0.0
2.9209,-21.9038,-0.0176,0.0,0.0
3.0222,-21.9058,-0.0177,0.0,0.0
3.1276,-21.9084,-0.0183,0.0,0.0
3.2755,-21.9119,-0.0188,0.0,0.0
3.3768,-21.9136,-0.0187,0.0,0.0
3.4771,-21.9153,-0.0185,0.0,0.0
3.5804,-21.9173,-0.0186,0.0,0.0
3.6837,-21.9201,-0.0193,0.0,0.0
3.8314,-21.9282,-0.0233,0.0,0.0
3.9332,-21.9382,-0.0292,0.0,0.0
4.0353,-21.9528,-0.0379,0.0,0.0
4.1825,-21.9813,-0.0549,0.0,0.0
4.2816,-22.0057,-0.0691,0.0,0.0
4.4216,-22.0494,-0.0942,0.0,0.0
4.5575,-22.1036,-0.1247,0.0,0.0
4.6887,-22.1659,-0.1583,0.0,0.0
4.8191,-22.2343,-0.1929,0.0,0.0
4.9461,-22.3055,-0.2264,0.0,0.0
5.0721,-22.381,-0.2598,0.0,0.0
5.1975,-22.462,-0.2938,0.0,0.0
5.3197,-22.5478,-0.3282,0.0,0.0
5.434,-22.6344,-0.3615,0.0,0.0
5.5498,-22.7276,-0.3956,0.0,0.0
5.6621,-22.8239,-0.4292,0.0,0.0
5.7712,-22.9242,-0.463,0.0,0.0
5.8758,-23.0279,-0.4969,0.0,0.0
5.9781,-23.1367,-0.5314,0.0,0.0
6.0765,-23.248,-0.5654,0.0,0.0
6.1409,-23.3247,-0.5881,0.0,0.0
6.2329,-23.4407,-0.6216,0.0,0.0
6.2932,-23.5221,-0.6449,0.0,0.0
6.3769,-23.643,-0.679,0.0,0.0
6.4583,-23.7692,-0.7137,0.0,0.0
6.5351,-23.8962,-0.7474,0.0,0.0
6.6089,-24.0275,-0.7814,0.0,0.0
6.6769,-24.1599,-0.8154,0.0,0.0
6.7398,-24.2957,-0.8502,0.0,0.0
6.7983,-24.4336,-0.8849,0.0,0.0
6.8351,-24.5266,-0.9077,0.0,0.0
6.8867,-24.6677,-0.9417,0.0,0.0
6.9333,-24.8106,-0.9759,0.0,0.0
6.9612,-24.9069,-0.9991,0.0,0.0
6.9865,-25.0038,-1.0224,0.0,0.0
7.0212,-25.1521,-1.0575,0.0,0.0
7.0512,-25.2967,-1.0906,0.0,0.0
7.0698,-25.3968,-1.1129,0.0,0.0
7.0952,-25.5482,-1.1454,0.0,0.0
7.1183,-25.6966,-1.175,0.0,0.0
7.133,-25.7972,-1.1939,0.0,0.0
7.1474,-25.9002,-1.2123,0.0,0.0
7.1609,-26.0014,-1.2294,0.0,0.0
7.1803,-26.1516,-1.2529,0.0,0.0
7.1949,-26.2583,-1.2674,0.0,0.0
7.2165,-26.4058,-1.2846,0.0,0.0
7.2316,-26.5076,-1.2952,0.0,0.0
7.2471,-26.6084,-1.3046,0.0,0.0
7.2644,-26.711,-1.3122,0.0,0.0
7.2839,-26.8133,-1.3176,0.0,0.0
7.305,-26.9121,-1.3206,0.0,0.0
7.3294,-27.0134,-1.3216,0.0,0.0
7.3563,-27.113,-1.3203,0.0,0.0
7.3865,-27.2117,-1.3165,0.0,0.0
7.4207,-27.3089,-1.3097,0.0,0.0
7.4595,-27.4042,-1.2996,0.0,0.0
7.5029,-27.4971,-1.2864,0.0,0.0
7.552,-27.5904,-1.2703,0.0,0.0
7.603,-27.6776,-1.2526,0.0,0.0
7.6873,-27.8048,-1.2222,0.0,0.0
7.7783,-27.9242,-1.1887,0.0,0.0
7.8433,-28.0017,-1.1652,0.0,0.0
7.9115,-28.079,-1.1411,0.0,0.0
8.0146,-28.1901,-1.1062,0.0,0.0
8.1196,-28.297,-1.0723,0.0,0.0
8.1926,-28.3672,-1.0494,0.0,0.0
8.2674,-28.4356,-1.0263,0.0,0.0
8.3439,-28.5019,-1.003,0.0,0.0
8.4222,-28.5662,-0.9794,0.0,0.0
8.5018,-28.6286,-0.956,0.0,0.0
8.5828,-28.6896,-0.9328,0.0,0.0
8.6641,-28.7485,-0.9101,0.0,0.0
8.7483,-28.8071,-0.8872,0.0,0.0
8.8328,-28.8637,-0.8648,0.0,0.0
8.9193,-28.9196,-0.8426,0.0,0.0
9.0049,-28.9735,-0.8216,0.0,0.0
9.0921,-29.0273,-0.8012,0.0,0.0
9.1799,-29.0807,-0.7818,0.0,0.0
9.2672,-29.1331,-0.7635,0.0,0.0
9.3569,-29.1861,-0.7458,0.0,0.0
9.446,-29.2382,-0.7291,0.0,0.0
9.5365,-29.2904,-0.7132,0.0,0.0
9.6246,-29.3407,-0.6984,0.0,0.0
9.7203,-29.3948,-0.6834,0.0,0.0
9.8516,-29.4682,-0.6643,0.0,0.0
9.9442,-29.5197,-0.6519,0.0,0.0
10.0342,-29.5695,-0.6407,0.0,0.0
10.126,-29.6204,-0.6301,0.0,0.0
10.2161,-29.6704,-0.6206,0.0,0.0
10.306,-29.7205,-0.612,0.0,0.0
10.3968,-29.7714,-0.6041,0.0,0.0
10.4884,-29.823,-0.597,0.0,0.0
10.58,-29.8746,-0.5904,0.0,0.0
10.6702,-29.9243,-0.5836,0.0,0.0
10.763,-29.9734,-0.576,0.0,0.0
10.8534,-30.0201,-0.5684,0.0,0.0
10.9478,-30.0682,-0.5608,0.0,0.0
11.0402,-30.1158,-0.5541,0.0,0.0
11.1327,-30.1629,-0.5476,0.0,0.0
11.2246,-30.2064,-0.5392,0.0,0.0
11.3198,-30.2468,-0.5282,0.0,0.0
11.4182,-30.2841,-0.5148,0.0,0.0
11.5159,-30.3165,-0.4995,0.0,0.0
11.6125,-30.3442,-0.4827,0.0,0.0
11.7126,-30.368,-0.4634,0.0,0.0
11.8121,-30.3865,-0.4422,0.0,0.0
11.9117,-30.4002,-0.4192,0.0,0.0
12.0124,-30.4106,-0.3956,0.0,0.0
12.1605,-30.4224,-0.3615,0.0,0.0
12.2609,-30.4278,-0.3387,0.0,0.0
12.3614,-30.4311,-0.3159,0.0,0.0
12.5135,-30.4315,-0.2814,0.0,0.0
12.6637,-30.4267,-0.2473,0.0,0.0
12.7646,-30.4213,-0.2247,0.0,0.0
12.8657,-30.4144,-0.2028,0.0,0.0
12.97,-30.4061,-0.1809,0.0,0.0
13.1203,-30.3928,-0.1514,0.0,0.0
13.2201,-30.3831,-0.1329,0.0,0.0
13.3241,-30.3723,-0.1146,0.0,0.0
13.4251,-30.3612,-0.0976,0.0,0.0
13.5272,-30.3494,-0.0813,0.0,0.0
13.6295,-30.3371,-0.0659,0.0,0.0
13.7318,-30.3243,-0.0513,0.0,0.0
13.8342,-30.3113,-0.0376,0.0,0.0
13.9377,-30.2978,-0.0247,0.0,0.0
14.0393,-30.2844,-0.0128,0.0,0.0
14.1429,-30.2706,-0.0015,0.0,0.0
14.2446,-30.2571,0.0088,0.0,0.0
14.3483,-30.2432,0.0185,0.0,0.0
14.4501,-30.2297,0.0272,0.0,0.0
14.5539,-30.2162,0.0351,0.0,0.0
14.6559,-30.2042,0.0414,0.0,0.0
14.7592,-30.1936,0.0461,0.0,0.0
14.8625,-30.1843,0.0495,0.0,0.0
14.9659,-30.1759,0.0519,0.0,0.0
15.0694,-30.1689,0.0531,0.0,0.0
15.1729,-30.1645,0.0521,0.0,0.0
15.2775,-30.1633,0.0488,0.0,0.0
15.38,-30.1653,0.0435,0.0,0.0
15.4844,-30.1709,0.0357,0.0,0.0
15.5895,-30.1804,0.0257,0.0,0.0
15.69,-30.1935,0.0139,0.0,0.0
15.7906,-30.2109,-0.0003,0.0,0.0
15.8951,-30.2336,-0.0173,0.0,0.0
16.0396,-30.2723,-0.044,0.0,0.0
16.1376,-30.3022,-0.0633,0.0,0.0
16.2351,-30.3339,-0.0823,0.0,0.0
16.3314,-30.3661,-0.1005,0.0,0.0
16.4327,-30.4007,-0.1186,0.0,0.0
16.528,-30.4338,-0.1348,0.0,0.0
16.6254,-30.468,-0.1504,0.0,0.0
16.7207,-30.5019,-0.1648,0.0,0.0
16.8192,-30.5366,-0.1782,0.0,0.0
16.9172,-30.5701,-0.1899,0.0,0.0
17.0175,-30.6036,-0.2002,0.0,0.0
17.115,-30.6357,-0.2092,0.0,0.0
17.2128,-30.6673,-0.2171,0.0,0.0
17.3121,-30.6974,-0.223,0.0,0.0
17.4121,-30.7251,-0.2266,0.0,0.0
17.5127,-30.7507,-0.2282,0.0,0.0
17.6138,-30.7738,-0.2279,0.0,0.0
17.7154,-30.7943,-0.2255,0.0,0.0
17.8176,-30.8117,-0.221,0.0,0.0
17.9204,-30.8254,-0.214,0.0,0.0
18.0237,-30.835,-0.2044,0.0,0.0
18.1261,-30.8398,-0.1922,0.0,0.0
18.2301,-30.8392,-0.1766,0.0,0.0
18.3328,-30.8341,-0.1592,0.0,0.0
18.4357,-30.8234,-0.1389,0.0,0.0
18.5356,-30.8081,-0.1171,0.0,0.0
18.6349,-30.7871,-0.0927,0.0,0.0
18.7338,-30.7636,-0.0684,0.0,0.0
18.8336,-30.7386,-0.0445,0.0,0.0
18.932,-30.7118,-0.0211,0.0,0.0
19.0289,-30.6832,0.0019,0.0,0.0
19.1262,-30.6521,0.0251,0.0,0.0
19.2228,-30.6187,0.0485,0.0,0.0
19.3279,-30.5788,0.0744,0.0,0.0
19.4616,-30.523,0.1081,0.0,0.0
19.5538,-30.4817,0.1316,0.0,0.0
19.6461,-30.438,0.155,0.0,0.0
19.7367,-30.3928,0.1781,0.0,0.0
19.828,-30.3445,0.2017,0.0,0.0
19.919,-30.2934,0.2256,0.0,0.0
20.006,-30.2415,0.249,0.0,0.0
20.0907,-30.188,0.2722,0.0,0.0
20.1759,-30.1314,0.2958,0.0,0.0
20.2599,-30.0731,0.3193,0.0,0.0
20.342,-30.0137,0.3424,0.0,0.0
20.4244,-29.9511,0.3659,0.0,0.0
20.5043,-29.887,0.3894,0.0,0.0
20.5825,-29.8209,0.4131,0.0,0.0
20.6588,-29.7527,0.437,0.0,0.0
20.7343,-29.6822,0.4609,0.0,0.0
20.8084,-29.6101,0.4846,0.0,0.0
20.8789,-29.5386,0.5075,0.0,0.0
20.95,-29.4633,0.531,0.0,0.0
21.0171,-29.3885,0.5539,0.0,0.0
21.0843,-29.3096,0.5777,0.0,0.0
21.1485,-29.2298,0.6016,0.0,0.0
21.2108,-29.1485,0.6255,0.0,0.0
21.2714,-29.0659,0.6491,0.0,0.0
21.3305,-28.9819,0.6725,0.0,0.0
21.3882,-28.8958,0.6961,0.0,0.0
21.4429,-28.8101,0.7192,0.0,0.0
21.4968,-28.7203,0.7433,0.0,0.0
21.5467,-28.6318,0.7669,0.0,0.0
21.5947,-28.5412,0.7908,0.0,0.0
21.6409,-28.4495,0.8146,0.0,0.0
21.6856,-28.356,0.8384,0.0,0.0
21.7271,-28.2642,0.8613,0.0,0.0
21.7674,-28.1695,0.8847,0.0,0.0
21.8055,-28.0729,0.9084,0.0,0.0
21.8406,-27.9763,0.9323,0.0,0.0
21.8729,-27.8799,0.956,0.0,0.0
21.9033,-27.7818,0.9798,0.0,0.0
21.9321,-27.6821,1.0036,0.0,0.0
21.9584,-27.5827,1.027,0.0,0.0
21.9825,-27.4826,1.0505,0.0,0.0
22.004,-27.3819,1.074,0.0,0.0
22.023,-27.2797,1.098,0.0,0.0
22.039,-27.1792,1.1216,0.0,0.0
22.0528,-27.0784,1.1452,0.0,0.0
22.0648,-26.9752,1.169,0.0,0.0
22.0744,-26.8737,1.1922,0.0,0.0
22.0817,-26.7699,1.2159,0.0,0.0
22.0864,-26.666,1.2397,0.0,0.0
22.0883,-26.5651,1.2631,0.0,0.0
22.0875,-26.4621,1.287,0.0,0.0
22.0845,-26.3592,1.3107,0.0,0.0
22.0798,-26.2552,1.3343,0.0,0.0
22.0734,-26.1532,1.357,0.0,0.0
22.0651,-26.049,1.3796,0.0,0.0
22.0553,-25.9426,1.402,0.0,0.0
22.0451,-25.8424,1.4223,0.0,0.0
22.0337,-25.7388,1.4422,0.0,0.0
22.0217,-25.6362,1.4611,0.0,0.0
22.0089,-25.5325,1.4792,0.0,0.0
21.9955,-25.4287,1.4963,0.0,0.0
21.9814,-25.3248,1.5127,0.0,0.0
21.9667,-25.2198,1.5283,0.0,0.0
21.951,-25.1171,1.5434,0.0,0.0
21.9333,-25.0136,1.5588,0.0,0.0
21.9142,-24.9093,1.5741,0.0,0.0
21.8949,-24.8071,1.5883,0.0,0.0
21.875,-24.7039,1.6019,0.0,0.0
21.8543,-24.5997,1.615,0.0,0.0
21.8306,-24.4984,1.6297,0.0,0.0
21.8015,-24.3979,1.6473,0.0,0.0
21.7667,-24.2984,1.6678,0.0,0.0
21.7277,-24.2032,1.6901,0.0,0.0
21.6844,-24.109,1.7139,0.0,0.0
21.6385,-24.0162,1.7381,0.0,0.0
21.5897,-23.9225,1.7624,0.0,0.0
21.5409,-23.8334,1.7857,0.0,0.0
21.4891,-23.7436,1.8094,0.0,0.0
21.4339,-23.6533,1.8336,0.0,0.0
21.3775,-23.5664,1.8576,0.0,0.0
21.3202,-23.4826,1.8811,0.0,0.0
21.2613,-23.3998,1.9042,0.0,0.0
21.1974,-23.3127,1.9281,0.0,0.0
21.1345,-23.2299,1.9506,0.0,0.0
21.0709,-23.1485,1.9723,0.0,0.0
21.0065,-23.0676,1.9931,0.0,0.0
20.9406,-22.9863,2.0132,0.0,0.0
20.8741,-22.9052,2.0324,0.0,0.0
20.8049,-22.822,2.051,0.0,0.0
20.7384,-22.7432,2.068,0.0,0.0
20.6707,-22.6639,2.0842,0.0,0.0
20.6005,-22.5825,2.1001,0.0,0.0
20.5314,-22.5042,2.1152,0.0,0.0
20.4619,-22.4278,2.1303,0.0,0.0
20.3891,-22.35,2.1456,0.0,0.0
20.3158,-22.2727,2.1602,0.0,0.0
20.2437,-22.197,2.1737,0.0,0.0
20.17,-22.1214,2.1871,0.0,0.0
20.0931,-22.0478,2.2024,0.0,0.0
20.0147,-21.9794,2.2198,0.0,0.0
19.9317,-21.9137,2.2398,0.0,0.0
19.8466,-21.8536,2.262,0.0,0.0
19.76,-21.7984,2.2857,0.0,0.0
19.6703,-21.745,2.3102,0.0,0.0
19.5776,-21.6922,2.3349,0.0,0.0
19.4894,-21.6443,2.3578,0.0,0.0
19.3945,-21.5954,2.3821,0.0,0.0
19.3041,-21.5515,2.405,0.0,0.0
19.2097,-21.5087,2.4287,0.0,0.0
19.1143,-21.4685,2.4528,0.0,0.0
19.019,-21.4312,2.4767,0.0,0.0
18.9189,-21.3945,2.5013,0.0,0.0
18.8239,-21.3619,2.5243,0.0,0.0
18.7252,-21.3303,2.5479,0.0,0.0
18.6258,-21.3011,2.5715,0.0,0.0
18.5256,-21.2746,2.5953,0.0,0.0
18.4259,-21.251,2.6191,0.0,0.0
18.3226,-21.2294,2.6436,0.0,0.0
18.2209,-21.2103,2.6675,0.0,0.0
18.1198,-21.1935,2.691,0.0,0.0
18.0152,-21.1784,2.715,0.0,0.0
17.9144,-21.1664,2.7381,0.0,0.0
17.8091,-21.1566,2.7624,0.0,0.0
17.7078,-21.1499,2.7858,0.0,0.0
17.6034,-21.1456,2.8101,0.0,0.0
17.4978,-21.1435,2.8343,0.0,0.0
17.3973,-21.1432,2.857,0.0,0.0
17.2914,-21.1446,2.8804,0.0,0.0
17.1864,-21.1478,2.9031,0.0,0.0
17.0854,-21.1523,2.9244,0.0,0.0
16.9811,-21.158,2.9454,0.0,0.0
16.8766,-21.1646,2.9655,0.0,0.0
16.771,-21.1719,2.9848,0.0,0.0
16.6673,-21.1797,3.0027,0.0,0.0
16.5625,-21.1882,3.02,0.0,0.0
16.4576,-21.1974,3.0365,0.0,0.0
16.3537,-21.2071,3.0519,0.0,0.0
16.2455,-21.2177,3.067,0.0,0.0
16.1415,-21.2283,3.0807,0.0,0.0
16.0365,-21.2392,3.0937,0.0,0.0
15.9313,-21.2504,3.1058,0.0,0.0
15.8272,-21.2614,3.1169,0.0,0.0
15.721,-21.2728,3.1274,0.0,0.0
15.6168,-21.2839,3.1369,0.0,0.0
15.5106,-21.2952,-3.1374,0.0,0.0
15.4033,-21.3064,-3.1293,0.0,0.0
15.298,-21.3172,-3.1223,0.0,0.0
15.1938,-21.3274,-3.1161,0.0,0.0
15.0896,-21.3373,-3.1107,0.0,0.0
14.9854,-21.3466,-3.1061,0.0,0.0
14.879,-21.3554,-3.1023,0.0,0.0
14.7747,-21.3633,-3.0994,0.0,0.0
14.6694,-21.3706,-3.0973,0.0,0.0
14.5631,-21.3771,-3.0959,0.0,0.0
14.4515,-21.3829,-3.0954,0.0,0.0
14.3515,-21.3873,-3.0956,0.0,0.0
14.2484,-21.3916,-3.0959,0.0,0.0
14.1433,-21.3962,-3.096,0.0,0.0
14.0361,-21.4009,-3.0961,0.0,0.0
13.9332,-21.4056,-3.096,0.0,0.0
13.8272,-21.4105,-3.0959,0.0,0.0
13.7192,-21.4156,-3.0957,0.0,0.0
13.6133,-21.4205,-3.0956,0.0,0.0
13.5117,-21.4253,-3.0955,0.0,0.0
13.4081,-21.4301,-3.0954,0.0,0.0
13.3044,-21.4345,-3.0958,0.0,0.0
13.1977,-21.4386,-3.0963,0.0,0.0
13.0921,-21.4431,-3.0964,0.0,0.0
12.9897,-21.4479,-3.0962,0.0,0.0
12.8811,-21.4531,-3.096,0.0,0.0
12.7297,-21.4603,-3.0956,0.0,0.0
12.6254,-21.4652,-3.0955,0.0,0.0
12.5211,-21.4701,-3.0954,0.0,0.0
12.418,-21.4749,-3.0954,0.0,0.0
12.3138,-21.4798,-3.0953,0.0,0.0
12.2086,-21.4848,-3.0952,0.0,0.0
12.1045,-21.4893,-3.0954,0.0,0.0
12.0014,-21.4933,-3.0959,0.0,0.0
11.8964,-21.4977,-3.0961,0.0,0.0
11.7924,-21.5026,-3.0959,0.0,0.0
11.6885,-21.5076,-3.0957,0.0,0.0
11.5846,-21.512,-3.096,0.0,0.0
11.4818,-21.514,-3.0981,0.0,0.0
11.378,-21.5132,-3.1022,0.0,0.0
11.2702,-21.5096,-3.108,0.0,0.0
11.1699,-21.5048,-3.1141,0.0,0.0
11.0675,-21.4997,-3.12,0.0,0.0
10.962,-21.4948,-3.1252,0.0,0.0
10.8595,-21.4908,-3.1293,0.0,0.0
10.756,-21.4877,-3.1325,0.0,0.0
10.6525,-21.4855,-3.1348,0.0,0.0
10.5459,-21.4842,-3.1363,0.0,0.0
10.4445,-21.4837,-3.137,0.0,0.0
10.342,-21.484,-3.1371,0.0,0.0
10.2386,-21.4841,-3.1374,0.0,0.0
10.1362,-21.4842,-3.1375,0.0,0.0
10.0318,-21.4847,-3.1373,0.0,0.0
9.9285,-21.4855,-3.137,0.0,0.0
9.8251,-21.4859,-3.137,0.0,0.0
9.7208,-21.4849,-3.1382,0.0,0.0
9.6187,-21.481,-3.1415,0.0,0.0
9.5169,-21.4739,3.1362,0.0,0.0
9.4134,-21.4632,3.1286,0.0,0.0
9.3125,-21.4492,3.119,0.0,0.0
9.2043,-21.4302,3.1067,0.0,0.0
9.0588,-21.3996,3.0879,0.0,0.0
8.9588,-21.3766,3.0748,0.0,0.0
8.8599,-21.3534,3.0624,0.0,0.0
8.7599,-21.3301,3.0509,0.0,0.0
8.6577,-21.3064,3.0403,0.0,0.0
8.5594,-21.2838,3.0309,0.0,0.0
8.459,-21.2609,3.0222,0.0,0.0
8.3585,-21.238,3.0143,0.0,0.0
8.255,-21.2148,3.0069,0.0,0.0
8.1562,-21.1936,3.0013,0.0,0.0
8.053,-21.1731,2.9971,0.0,0.0
7.9546,-21.1551,2.9944,0.0,0.0
7.854,-21.1379,2.9928,0.0,0.0
7.7492,-21.1211,2.9921,0.0,0.0
7.6492,-21.1072,2.993,0.0,0.0
7.5468,-21.0958,2.9961,0.0,0.0
7.4442,-21.0879,3.0015,0.0,0.0
7.3404,-21.0835,3.0093,0.0,0.0
7.2367,-21.0827,3.0192,0.0,0.0
7.1363,-21.0859,3.0309,0.0,0.0
7.0344,-21.0931,3.0448,0.0,0.0
6.931,-21.1038,3.0603,0.0,0.0
6.7812,-21.1224,3.083,0.0,0.0
6.6799,-21.1359,3.0975,0.0,0.0
6.5785,-21.1494,3.111,0.0,0.0
6.477,-21.1631,3.1236,0.0,0.0
6.3754,-21.1768,3.1353,0.0,0.0
6.2736,-21.1905,-3.137,0.0,0.0
6.1698,-21.2046,-3.1268,0.0,0.0
6.0669,-21.2184,-3.1176,0.0,0.0
5.965,-21.232,-3.1092,0.0,0.0
5.814,-21.2517,-3.0984,0.0,0.0
5.7088,-21.2649,-3.0919,0.0,0.0
5.6076,-21.2772,-3.0864,0.0,0.0
5.5074,-21.2887,-3.082,0.0,0.0
5.4049,-21.2988,-3.0789,0.0,0.0
5.3023,-21.3072,-3.0775,0.0,0.0
5.2006,-21.3142,-3.0771,0.0,0.0
5.0969,-21.3205,-3.0774,0.0,0.0
4.9942,-21.3262,-3.0781,0.0,0.0
4.8904,-21.3296,-3.0806,0.0,0.0
4.7898,-21.3298,-3.0851,0.0,0.0
4.6863,-21.3267,-3.0919,0.0,0.0
4.583,-21.3201,-3.1007,0.0,0.0
4.4832,-21.3103,-3.1111,0.0,0.0
4.382,-21.2971,-3.1233,0.0,0.0
4.2802,-21.2811,-3.1367,0.0,0.0
4.1807,-21.2639,3.1333,0.0,0.0
4.0793,-21.2457,3.1203,0.0,0.0
3.9797,-21.2277,3.1084,0.0,0.0
3.878,-21.2094,3.0973,0.0,0.0
3.7773,-21.1914,3.0872,0.0,0.0
3.6763,-21.1736,3.0782,0.0,0.0
3.5721,-21.1565,3.0705,0.0,0.0
3.4249,-21.1347,3.0624,0.0,0.0
3.3222,-21.1207,3.0581,0.0,0.0
3.2203,-21.1075,3.0547,0.0,0.0
3.1195,-21.0951,3.052,0.0,0.0
3.0165,-21.0831,3.0499,0.0,0.0
2.9134,-21.072,3.0488,0.0,0.0
2.8123,-21.0621,3.0486,0.0,0.0
2.7091,-21.0528,3.0489,0.0,0.0
2.608,-21.0438,3.0493,0.0,0.0
2.5017,-21.0342,3.0496,0.0,0.0
2.3526,-21.0207,3.0498,0.0,0.0
2.2505,-21.0114,3.0499,0.0,0.0
2.1485,-21.0021,3.0499,0.0,0.0
2.0464,-20.9928,3.05,0.0,0.0
1.9444,-20.9835,3.0501,0.0,0.0
1.8413,-20.9743,3.0504,0.0,0.0
1.7403,-20.9658,3.0511,0.0,0.0
1.6372,-20.9571,3.0516,0.0,0.0
1.5353,-20.9479,3.0517,0.0,0.0
1.4343,-20.9387,3.0516,0.0,0.0
1.3293,-20.9291,3.0515,0.0,0.0
1.2284,-20.92,3.0516,0.0,0.0
1.0776,-20.9065,3.0517,0.0,0.0
0.9757,-20.8977,3.052,0.0,0.0
0.8727,-20.8893,3.0528,0.0,0.0
0.7718,-20.8808,3.0532,0.0,0.0
0.6669,-20.8715,3.0533,0.0,0.0
0.5122,-20.8576,3.0532,0.0,0.0
0.3656,-20.8446,3.0532,0.0,0.0
0.2627,-20.8355,3.0532,0.0,0.0
0.161,-20.8266,3.0533,0.0,0.0
0.0602,-20.8178,3.0534,0.0,0.0
-0.0416,-20.8088,3.0536,0.0,0.0
-0.1433,-20.8002,3.054,0.0,0.0
-0.2462,-20.792,3.0547,0.0,0.0
-0.3479,-20.7837,3.0551,0.0,0.0
-0.4507,-20.7748,3.0551,0.0,0.0
-0.5514,-20.7659,3.055,0.0,0.0
-0.6531,-20.7584,3.0561,0.0,0.0
-0.755,-20.7537,3.0593,0.0,0.0
-0.8569,-20.7522,3.0645,0.0,0.0
-0.9587,-20.7528,3.071,0.0,0.0
-1.0605,-20.7547,3.0779,0.0,0.0
-1.1632,-20.7575,3.085,0.0,0.0
-1.266,-20.7607,3.0918,0.0,0.0
-1.3667,-20.7637,3.0977,0.0,0.0
-1.4696,-20.7661,3.1029,0.0,0.0
-1.6204,-20.7684,3.1089,0.0,0.0
-1.7223,-20.7691,3.1119,0.0,0.0
-1.8262,-20.7691,3.1142,0.0,0.0
-1.978,-20.7674,3.1161,0.0,0.0
-2.0789,-20.7651,3.1163,0.0,0.0
-2.1818,-20.7621,3.1161,0.0,0.0
-2.2826,-20.7591,3.1158,0.0,0.0
-2.3834,-20.7562,3.1156,0.0,0.0
-2.4862,-20.7535,3.1156,0.0,0.0
-2.588,-20.751,3.1157,0.0,0.0
-2.6909,-20.7484,3.1158,0.0,0.0
-2.7917,-20.7459,3.116,0.0,0.0
-2.8934,-20.7433,3.1161,0.0,0.0
-2.9962,-20.7407,3.1162,0.0,0.0
-3.1489,-20.737,3.1163,0.0,0.0
-3.2497,-20.7345,3.1164,0.0,0.0
-3.3525,-20.732,3.1165,0.0,0.0
-3.4542,-20.7295,3.1166,0.0,0.0
-3.556,-20.7271,3.1167,0.0,0.0
